CardID         , Name              , IsActive, Note                                                                                                      , Category  , Type , Tier, BestAgainst   , MaxStacks, Duration, Chance, MaxChance, SpatialLength, BaseCooldown, MaxLevel, Color  , C1, C2, C3, C4, C5, C6, C7, C8, C9, C10, C11, C12, C13, C14, C15, C16, C17, C18, C19, C20, C21, C22, C23, C24, C25, C26, C27, C28, C29, C30, C31, C32, C33, C34, C35, C36, C37, C38, C39, C40, C41, C42, C43, C44, C45, C46, C47, C48, C49, C50, C51, C52, C53, C54, C55, C56, C57, C58, C59, C60, U1, U2, U3, U4, U5 , U6 , U7 , U8 , U9 , U10, U11, U12, U13, U14 , U15 , U16 , U17 , U18 , U19 , U20 , U21 , U22 , U23 , U24 , U25 , U26 , U27 , U28 , U29 , U30 , U31 , U32 , U33 , U34 , U35 , U36 , U37 , U38 , U39 , U40 , U41 , U42 , U43 , U44 , U45 , U46 , U47 , U48 , U49 , U50 , U51 , U52 , U53 , U54 , U55 , U56 , U57 , U58 , U59 , U60 , BonusTypeA            , A1    , A2    , A3    , A4    , A5    , A6    , A7    , A8    , A9    , A10   , A11    , A12    , A13    , A14    , A15    , A16    , A17    , A18    , A19    , A20    , A21    , A22    , A23    , A24    , A25    , A26    , A27    , A28    , A29    , A30    , A31    , A32    , A33    , A34    , A35    , A36    , A37    , A38    , A39    , A40    , A41    , A42    , A43    , A44    , A45    , A46    , A47    , A48    , A49    , A50    , A51    , A52    , A53    , A54    , A55    , A56    , A57    , A58    , A59    , A60    , BonusTypeB                       , B1   , B2   , B3   , B4   , B5   , B6   , B7   , B8   , B9   , B10  , B11  , B12  , B13  , B14  , B15  , B16  , B17  , B18  , B19  , B20  , B21  , B22  , B23  , B24  , B25  , B26  , B27  , B28  , B29  , B30  , B31  , B32  , B33  , B34  , B35  , B36  , B37  , B38  , B39  , B40  , B41  , B42  , B43  , B44  , B45  , B46  , B47  , B48  , B49  , B50  , B51  , B52  , B53  , B54  , B55  , B56  , B57  , B58  , B59  , B60  , BonusTypeC                     , BonusAmountC, BonusTypeD                         , BonusAmountD, BonusTypeE               , BonusAmountE, BonusTypeF, BonusAmountF
MoonBeam       , Moon Beam         , TRUE    , "Burst, bonus vs Chest"                                                                                   , Burst     , Basic, 1   , Torso         , 0        , 0       , 0.12  , 0.12     , 0            , 0           , 60      , #70A2FD, 1 , 3 , 5 , 7 , 9 , 11, 18, 22, 25, 35 , 45 , 55 , 60 , 90 , 115, 125, 133, 137, 140, 150, 155, 170, 175, 176, 178, 180, 182, 184, 220, 222, 224, 226, 228, 230, 232, 234, 236, 240, 260, 264, 266, 268, 350, 360, 365, 370, 380, 385, 390, 400, 410, 420, 430, 440, 450, 460, 470, 480, 490, 500, 0 , 45, 55, 60, 100, 120, 200, 250, 300, 400, 450, 550, 700, 1000, 1350, 1400, 1425, 1450, 1475, 1650, 1700, 1800, 1850, 1900, 1950, 2000, 2050, 2150, 2445, 2465, 2490, 2510, 2530, 2555, 2580, 2600, 2625, 2665, 2885, 2935, 2955, 2980, 3500, 3600, 3650, 3700, 3800, 3850, 3900, 4000, 4100, 4200, 4300, 4400, 4500, 4600, 4700, 4800, 4900, 5000, MoonBeamBurst         , 5.935 , 6.183 , 6.343 , 6.556 , 6.782 , 7.053 , 7.343 , 7.674 , 8.027 , 8.420 , 8.836  , 9.289  , 9.767  , 10.281 , 10.823 , 11.402 , 11.793 , 12.208 , 12.645 , 12.963 , 13.297 , 13.647 , 14.013 , 14.289 , 14.577 , 14.877 , 15.187 , 15.510 , 16.073 , 16.329 , 16.594 , 16.868 , 17.150 , 17.440 , 17.640 , 17.845 , 18.056 , 18.272 , 18.864 , 19.092 , 19.301 , 19.516 , 20.130 , 20.354 , 20.584 , 20.819 , 21.059 , 21.304 , 21.554 , 22.201 , 22.423 , 22.647 , 22.851 , 23.033 , 23.241 , 23.473 , 23.708 , 24.348 , 24.591 , 24.837 , None                             , 0    , 0    , 0    , 0    , 0    , 0    , 0    , 0    , 0    , 0    , 0    , 0    , 0    , 0    , 0    , 0    , 0    , 0    , 0    , 0    , 0    , 0    , 0    , 0    , 0    , 0    , 0    , 0    , 0    , 0    , 0    , 0    , 0    , 0    , 0    , 0    , 0    , 0    , 0    , 0    , 0    , 0    , 0    , 0    , 0    , 0    , 0    , 0    , 0    , 0    , 0    , 0    , 0    , 0    , 0    , 0    , 0    , 0    , 0    , 0    , MoonBeamChestMult              , 1.5         , None                               , 0           , None                     , 0           , None      , 0
Fragmentize    , Fragmentize       , TRUE    , "Burst, bonus vs Armor"                                                                                   , Burst     , Basic, 2   , Armor         , 0        , 0       , 0.12  , 0.12     , 0            , 0           , 60      , #00eABB, 1 , 3 , 5 , 7 , 9 , 11, 18, 22, 25, 35 , 45 , 55 , 60 , 90 , 115, 125, 133, 137, 140, 150, 155, 170, 175, 176, 178, 180, 182, 184, 220, 222, 224, 226, 228, 230, 232, 234, 236, 240, 260, 264, 266, 268, 350, 360, 365, 370, 380, 385, 390, 400, 410, 420, 430, 440, 450, 460, 470, 480, 490, 500, 0 , 45, 55, 60, 100, 120, 200, 250, 300, 400, 450, 550, 700, 1000, 1350, 1400, 1425, 1450, 1475, 1650, 1700, 1800, 1850, 1900, 1950, 2000, 2050, 2150, 2445, 2465, 2490, 2510, 2530, 2555, 2580, 2600, 2625, 2665, 2885, 2935, 2955, 2980, 3500, 3600, 3650, 3700, 3800, 3850, 3900, 4000, 4100, 4200, 4300, 4400, 4500, 4600, 4700, 4800, 4900, 5000, FragmentizeBurst      , 5.434 , 5.661 , 5.808 , 6.003 , 6.209 , 6.458 , 6.723 , 7.026 , 7.350 , 7.709 , 8.090  , 8.505  , 8.942  , 9.413  , 9.910  , 10.439 , 10.798 , 11.177 , 11.578 , 11.869 , 12.175 , 12.495 , 12.830 , 13.083 , 13.347 , 13.621 , 13.905 , 14.201 , 14.716 , 14.951 , 15.193 , 15.444 , 15.702 , 15.968 , 16.151 , 16.338 , 16.531 , 16.730 , 17.272 , 17.480 , 17.672 , 17.868 , 18.431 , 18.636 , 18.847 , 19.062 , 19.281 , 19.505 , 19.734 , 20.327 , 20.530 , 20.735 , 20.922 , 21.089 , 21.279 , 21.492 , 21.707 , 22.293 , 22.516 , 22.741 , FragmentizeEnchantedArmorMult    , 1.1  , 1.1  , 1.1  , 1.1  , 1.1  , 1.1  , 1.1  , 1.1  , 1.1  , 1.1  , 1.1  , 1.1  , 1.1  , 1.1  , 1.1  , 1.1  , 1.1  , 1.1  , 1.1  , 1.1  , 1.1  , 1.1  , 1.1  , 1.1  , 1.1  , 1.1  , 1.1  , 1.1  , 1.1  , 1.1  , 1.1  , 1.1  , 1.1  , 1.1  , 1.1  , 1.1  , 1.1  , 1.1  , 1.1  , 1.1  , 1.1  , 1.1  , 1.1  , 1.1  , 1.1  , 1.1  , 1.1  , 1.1  , 1.1  , 1.1  , 1.1  , 1.1  , 1.1  , 1.1  , 1.1  , 1.1  , 1.1  , 1.1  , 1.1  , 1.1  , FragmentizeArmorMult           , 1.50        , None                               , 0           , None                     , 0           , None      , 0
SkullBash      , Skull Bash        , TRUE    , "Burst, bonus vs Head"                                                                                    , Burst     , Basic, 1   , Head          , 0        , 0       , 0.12  , 0.12     , 0            , 0           , 60      , #FF4E84, 1 , 3 , 5 , 7 , 9 , 11, 18, 22, 25, 35 , 45 , 55 , 60 , 90 , 115, 125, 133, 137, 140, 150, 155, 170, 175, 176, 178, 180, 182, 184, 220, 222, 224, 226, 228, 230, 232, 234, 236, 240, 260, 264, 266, 268, 350, 360, 365, 370, 380, 385, 390, 400, 410, 420, 430, 440, 450, 460, 470, 480, 490, 500, 0 , 45, 55, 60, 100, 120, 200, 250, 300, 400, 450, 550, 700, 1000, 1350, 1400, 1425, 1450, 1475, 1650, 1700, 1800, 1850, 1900, 1950, 2000, 2050, 2150, 2445, 2465, 2490, 2510, 2530, 2555, 2580, 2600, 2625, 2665, 2885, 2935, 2955, 2980, 3500, 3600, 3650, 3700, 3800, 3850, 3900, 4000, 4100, 4200, 4300, 4400, 4500, 4600, 4700, 4800, 4900, 5000, SkullBashBurst        , 5.935 , 6.183 , 6.343 , 6.556 , 6.782 , 7.053 , 7.343 , 7.674 , 8.027 , 8.420 , 8.836  , 9.289  , 9.767  , 10.281 , 10.823 , 11.402 , 11.793 , 12.208 , 12.645 , 12.963 , 13.297 , 13.647 , 14.013 , 14.289 , 14.577 , 14.877 , 15.187 , 15.510 , 16.073 , 16.329 , 16.594 , 16.868 , 17.150 , 17.440 , 17.640 , 17.845 , 18.056 , 18.272 , 18.864 , 19.092 , 19.301 , 19.516 , 20.130 , 20.354 , 20.584 , 20.819 , 21.059 , 21.304 , 21.554 , 22.201 , 22.423 , 22.647 , 22.851 , 23.033 , 23.241 , 23.473 , 23.708 , 24.348 , 24.591 , 24.837 , None                             , 0    , 0    , 0    , 0    , 0    , 0    , 0    , 0    , 0    , 0    , 0    , 0    , 0    , 0    , 0    , 0    , 0    , 0    , 0    , 0    , 0    , 0    , 0    , 0    , 0    , 0    , 0    , 0    , 0    , 0    , 0    , 0    , 0    , 0    , 0    , 0    , 0    , 0    , 0    , 0    , 0    , 0    , 0    , 0    , 0    , 0    , 0    , 0    , 0    , 0    , 0    , 0    , 0    , 0    , 0    , 0    , 0    , 0    , 0    , 0    , SkullBashHeadMult              , 1.5         , None                               , 0           , None                     , 0           , None      , 0
RazorWind      , Razor Wind        , TRUE    , "Burst, bonus vs Body"                                                                                    , Burst     , Basic, 1   , Body          , 0        , 0       , 0.12  , 0.12     , 0            , 0           , 60      , #00D8FF, 1 , 3 , 5 , 7 , 9 , 11, 18, 22, 25, 35 , 45 , 55 , 60 , 90 , 115, 125, 133, 137, 140, 150, 155, 170, 175, 176, 178, 180, 182, 184, 220, 222, 224, 226, 228, 230, 232, 234, 236, 240, 260, 264, 266, 268, 350, 360, 365, 370, 380, 385, 390, 400, 410, 420, 430, 440, 450, 460, 470, 480, 490, 500, 0 , 45, 55, 60, 100, 120, 200, 250, 300, 400, 450, 550, 700, 1000, 1350, 1400, 1425, 1450, 1475, 1650, 1700, 1800, 1850, 1900, 1950, 2000, 2050, 2150, 2445, 2465, 2490, 2510, 2530, 2555, 2580, 2600, 2625, 2665, 2885, 2935, 2955, 2980, 3500, 3600, 3650, 3700, 3800, 3850, 3900, 4000, 4100, 4200, 4300, 4400, 4500, 4600, 4700, 4800, 4900, 5000, RazorWindBurst        , 5.283 , 5.504 , 5.646 , 5.836 , 6.037 , 6.278 , 6.536 , 6.831 , 7.146 , 7.495 , 7.865  , 8.269  , 8.694  , 9.152  , 9.634  , 10.149 , 10.498 , 10.866 , 11.256 , 11.539 , 11.836 , 12.148 , 12.474 , 12.720 , 12.976 , 13.242 , 13.519 , 13.806 , 14.307 , 14.535 , 14.771 , 15.015 , 15.266 , 15.524 , 15.702 , 15.884 , 16.072 , 16.265 , 16.792 , 16.995 , 17.181 , 17.372 , 17.918 , 18.118 , 18.323 , 18.532 , 18.745 , 18.963 , 19.186 , 19.762 , 19.959 , 20.159 , 20.340 , 20.503 , 20.688 , 20.894 , 21.103 , 21.673 , 21.890 , 22.109 , None                             , 0    , 0    , 0    , 0    , 0    , 0    , 0    , 0    , 0    , 0    , 0    , 0    , 0    , 0    , 0    , 0    , 0    , 0    , 0    , 0    , 0    , 0    , 0    , 0    , 0    , 0    , 0    , 0    , 0    , 0    , 0    , 0    , 0    , 0    , 0    , 0    , 0    , 0    , 0    , 0    , 0    , 0    , 0    , 0    , 0    , 0    , 0    , 0    , 0    , 0    , 0    , 0    , 0    , 0    , 0    , 0    , 0    , 0    , 0    , 0    , RazorWindBodyMult              , 1.5         , None                               , 0           , None                     , 0           , None      , 0
WhipOfLightning, Whip Of Lightning , TRUE    , "Burst, more chance based on Affliction part count"                                                       , Burst     , Basic, 2   , -             , 0        , 0       , 0.02  , 0.12     , 0            , 0           , 60      , #B883FF, 1 , 3 , 5 , 7 , 9 , 11, 18, 22, 25, 35 , 45 , 55 , 60 , 90 , 115, 125, 133, 137, 140, 150, 155, 170, 175, 176, 178, 180, 182, 184, 220, 222, 224, 226, 228, 230, 232, 234, 236, 240, 260, 264, 266, 268, 350, 360, 365, 370, 380, 385, 390, 400, 410, 420, 430, 440, 450, 460, 470, 480, 490, 500, 0 , 45, 55, 60, 100, 120, 200, 250, 300, 400, 450, 550, 700, 1000, 1350, 1400, 1425, 1450, 1475, 1650, 1700, 1800, 1850, 1900, 1950, 2000, 2050, 2150, 2445, 2465, 2490, 2510, 2530, 2555, 2580, 2600, 2625, 2665, 2885, 2935, 2955, 2980, 3500, 3600, 3650, 3700, 3800, 3850, 3900, 4000, 4100, 4200, 4300, 4400, 4500, 4600, 4700, 4800, 4900, 5000, WhipOfLightningBurst  , 9.222 , 9.608 , 9.856 , 10.187, 10.538, 10.959, 11.410, 11.925, 12.473, 13.083, 13.729 , 14.434 , 15.176 , 15.975 , 16.818 , 17.716 , 18.324 , 18.969 , 19.648 , 20.143 , 20.662 , 21.205 , 21.774 , 22.203 , 22.651 , 23.116 , 23.599 , 24.100 , 24.974 , 25.373 , 25.785 , 26.209 , 26.648 , 27.099 , 27.409 , 27.728 , 28.055 , 28.392 , 29.312 , 29.666 , 29.991 , 30.324 , 31.279 , 31.627 , 31.984 , 32.349 , 32.722 , 33.103 , 33.491 , 34.496 , 34.841 , 35.189 , 35.506 , 35.790 , 36.112 , 36.473 , 36.838 , 37.833 , 38.211 , 38.593 , WhipOfLightningChance            , 0.02 , 0.02 , 0.02 , 0.02 , 0.02 , 0.02 , 0.02 , 0.02 , 0.02 , 0.02 , 0.02 , 0.02 , 0.02 , 0.02 , 0.02 , 0.02 , 0.02 , 0.02 , 0.02 , 0.02 , 0.02 , 0.02 , 0.02 , 0.02 , 0.02 , 0.02 , 0.02 , 0.02 , 0.02 , 0.02 , 0.02 , 0.02 , 0.02 , 0.02 , 0.02 , 0.02 , 0.02 , 0.02 , 0.02 , 0.02 , 0.02 , 0.02 , 0.02 , 0.02 , 0.02 , 0.02 , 0.02 , 0.02 , 0.02 , 0.02 , 0.02 , 0.02 , 0.02 , 0.02 , 0.02 , 0.02 , 0.02 , 0.02 , 0.02 , 0.02 , WhipOfLightningChanceCap       , 0.1         , None                               , 0.00        , None                     , 0           , None      , 0
BurstCount     , Clanship Barrage  , TRUE    , "Burst, dmg increases with Burst Count"                                                                   , Burst     , Basic, 1   , -             , 0        , 0       , 0.1   , 0.1      , 0            , 0           , 60      , #FF4d3a, 1 , 3 , 5 , 7 , 9 , 11, 18, 22, 25, 35 , 45 , 55 , 60 , 90 , 115, 125, 133, 137, 140, 150, 155, 170, 175, 176, 178, 180, 182, 184, 220, 222, 224, 226, 228, 230, 232, 234, 236, 240, 260, 264, 266, 268, 350, 360, 365, 370, 380, 385, 390, 400, 410, 420, 430, 440, 450, 460, 470, 480, 490, 500, 0 , 45, 55, 60, 100, 120, 200, 250, 300, 400, 450, 550, 700, 1000, 1350, 1400, 1425, 1450, 1475, 1650, 1700, 1800, 1850, 1900, 1950, 2000, 2050, 2150, 2445, 2465, 2490, 2510, 2530, 2555, 2580, 2600, 2625, 2665, 2885, 2935, 2955, 2980, 3500, 3600, 3650, 3700, 3800, 3850, 3900, 4000, 4100, 4200, 4300, 4400, 4500, 4600, 4700, 4800, 4900, 5000, BurstCountDamage      , 2.581 , 2.689 , 2.758 , 2.851 , 2.949 , 3.067 , 3.193 , 3.337 , 3.491 , 3.662 , 3.842  , 4.040  , 4.247  , 4.471  , 4.707  , 4.958  , 5.129  , 5.309  , 5.499  , 5.637  , 5.783  , 5.935  , 6.094  , 6.214  , 6.339  , 6.469  , 6.605  , 6.745  , 6.990  , 7.101  , 7.216  , 7.335  , 7.458  , 7.584  , 7.671  , 7.760  , 7.852  , 7.946  , 8.204  , 8.303  , 8.394  , 8.487  , 8.754  , 8.852  , 8.952  , 9.054  , 9.158  , 9.265  , 9.373  , 9.655  , 9.751  , 9.849  , 9.937  , 10.017 , 10.107 , 10.208 , 10.310 , 10.588 , 10.694 , 10.801 , None                             , 0    , 0    , 0    , 0    , 0    , 0    , 0    , 0    , 0    , 0    , 0    , 0    , 0    , 0    , 0    , 0    , 0    , 0    , 0    , 0    , 0    , 0    , 0    , 0    , 0    , 0    , 0    , 0    , 0    , 0    , 0    , 0    , 0    , 0    , 0    , 0    , 0    , 0    , 0    , 0    , 0    , 0    , 0    , 0    , 0    , 0    , 0    , 0    , 0    , 0    , 0    , 0    , 0    , 0    , 0    , 0    , 0    , 0    , 0    , 0    , BurstCountBonus                , 0.04        , None                               , 0           , None                     , 0           , None      , 0
Purify         , Purifying Blast   , TRUE    , "Burst, consumes all affliction stacks on part and burst damage is increased for each consumed affliction", Burst     , Basic, 2   , -             , 0        , 0       , 0.1   , 0.1      , 0            , 0           , 60      , #FFED20, 1 , 3 , 5 , 7 , 9 , 11, 18, 22, 25, 35 , 45 , 55 , 60 , 90 , 115, 125, 133, 137, 140, 150, 155, 170, 175, 176, 178, 180, 182, 184, 220, 222, 224, 226, 228, 230, 232, 234, 236, 240, 260, 264, 266, 268, 350, 360, 365, 370, 380, 385, 390, 400, 410, 420, 430, 440, 450, 460, 470, 480, 490, 500, 0 , 45, 55, 60, 100, 120, 200, 250, 300, 400, 450, 550, 700, 1000, 1350, 1400, 1425, 1450, 1475, 1650, 1700, 1800, 1850, 1900, 1950, 2000, 2050, 2150, 2445, 2465, 2490, 2510, 2530, 2555, 2580, 2600, 2625, 2665, 2885, 2935, 2955, 2980, 3500, 3600, 3650, 3700, 3800, 3850, 3900, 4000, 4100, 4200, 4300, 4400, 4500, 4600, 4700, 4800, 4900, 5000, PurifyDamage          , 6.940 , 7.231 , 7.417 , 7.666 , 7.930 , 8.247 , 8.586 , 8.974 , 9.387 , 9.845 , 10.332 , 10.862 , 11.421 , 12.022 , 12.656 , 13.332 , 13.790 , 14.275 , 14.786 , 15.158 , 15.549 , 15.958 , 16.386 , 16.709 , 17.046 , 17.396 , 17.759 , 18.136 , 18.794 , 19.094 , 19.404 , 19.724 , 20.054 , 20.393 , 20.627 , 20.867 , 21.113 , 21.366 , 22.059 , 22.325 , 22.570 , 22.820 , 23.539 , 23.801 , 24.070 , 24.344 , 24.625 , 24.911 , 25.204 , 25.960 , 26.219 , 26.482 , 26.720 , 26.934 , 27.176 , 27.448 , 27.722 , 28.471 , 28.756 , 29.043 , None                             , 0.000, 0.000, 0.000, 0.000, 0.000, 0.000, 0.000, 0.000, 0.000, 0.000, 0.000, 0.000, 0.000, 0.000, 0.000, 0.000, 0.000, 0.000, 0.000, 0.000, 0.000, 0.000, 0.000, 0.000, 0.000, 0.000, 0.000, 0.000, 0.000, 0.000, 0.000, 0.000, 0.000, 0.000, 0.000, 0.000, 0.000, 0.000, 0.000, 0.000, 0.000, 0.000, 0.000, 0.000, 0.000, 0.000, 0.000, 0.000, 0.000, 0.000, 0.000, 0.000, 0.000, 0.000, 0.000, 0.000, 0.000, 0.000, 0.000, 0.000, PurifyBonus                    , 1           , None                               , 0           , None                     , 0           , None      , 0
LimbBurst      , Psychic Shackles  , TRUE    , "Burst, bonus vs Limbs"                                                                                   , Burst     , Basic, 1   , Limbs         , 0        , 0       , 0.12  , 0.12     , 0            , 0           , 60      , #19FF85, 1 , 3 , 5 , 7 , 9 , 11, 18, 22, 25, 35 , 45 , 55 , 60 , 90 , 115, 125, 133, 137, 140, 150, 155, 170, 175, 176, 178, 180, 182, 184, 220, 222, 224, 226, 228, 230, 232, 234, 236, 240, 260, 264, 266, 268, 350, 360, 365, 370, 380, 385, 390, 400, 410, 420, 430, 440, 450, 460, 470, 480, 490, 500, 0 , 45, 55, 60, 100, 120, 200, 250, 300, 400, 450, 550, 700, 1000, 1350, 1400, 1425, 1450, 1475, 1650, 1700, 1800, 1850, 1900, 1950, 2000, 2050, 2150, 2445, 2465, 2490, 2510, 2530, 2555, 2580, 2600, 2625, 2665, 2885, 2935, 2955, 2980, 3500, 3600, 3650, 3700, 3800, 3850, 3900, 4000, 4100, 4200, 4300, 4400, 4500, 4600, 4700, 4800, 4900, 5000, LimbBurstDamage       , 5.283 , 5.504 , 5.646 , 5.836 , 6.037 , 6.278 , 6.536 , 6.831 , 7.146 , 7.495 , 7.865  , 8.269  , 8.694  , 9.152  , 9.634  , 10.149 , 10.498 , 10.866 , 11.256 , 11.539 , 11.836 , 12.148 , 12.474 , 12.720 , 12.976 , 13.242 , 13.519 , 13.806 , 14.307 , 14.535 , 14.771 , 15.015 , 15.266 , 15.524 , 15.702 , 15.884 , 16.072 , 16.265 , 16.792 , 16.995 , 17.181 , 17.372 , 17.918 , 18.118 , 18.323 , 18.532 , 18.745 , 18.963 , 19.186 , 19.762 , 19.959 , 20.159 , 20.340 , 20.503 , 20.688 , 20.894 , 21.103 , 21.673 , 21.890 , 22.109 , None                             , 0    , 0    , 0    , 0    , 0    , 0    , 0    , 0    , 0    , 0    , 0    , 0    , 0    , 0    , 0    , 0    , 0    , 0    , 0    , 0    , 0    , 0    , 0    , 0    , 0    , 0    , 0    , 0    , 0    , 0    , 0    , 0    , 0    , 0    , 0    , 0    , 0    , 0    , 0    , 0    , 0    , 0    , 0    , 0    , 0    , 0    , 0    , 0    , 0    , 0    , 0    , 0    , 0    , 0    , 0    , 0    , 0    , 0    , 0    , 0    , LimbBurstMult                  , 1.5         , None                               , 0           , None                     , 0           , None      , 0
FlakShot       , Flak Shot         , TRUE    , "Burst, bonus vs armor, ricochets to exposed"                                                             , Burst     , Basic, 2   , Armor         , 0        , 0       , 0.12  , 0.12     , 0            , 0           , 60      , #B88377, 1 , 3 , 5 , 7 , 9 , 11, 18, 22, 25, 35 , 45 , 55 , 60 , 90 , 115, 125, 133, 137, 140, 150, 155, 170, 175, 176, 178, 180, 182, 184, 220, 222, 224, 226, 228, 230, 232, 234, 236, 240, 260, 264, 266, 268, 350, 360, 365, 370, 380, 385, 390, 400, 410, 420, 430, 440, 450, 460, 470, 480, 490, 500, 0 , 45, 55, 60, 100, 120, 200, 250, 300, 400, 450, 550, 700, 1000, 1350, 1400, 1425, 1450, 1475, 1650, 1700, 1800, 1850, 1900, 1950, 2000, 2050, 2150, 2445, 2465, 2490, 2510, 2530, 2555, 2580, 2600, 2625, 2665, 2885, 2935, 2955, 2980, 3500, 3600, 3650, 3700, 3800, 3850, 3900, 4000, 4100, 4200, 4300, 4400, 4500, 4600, 4700, 4800, 4900, 5000, FlakBurst             , 4.479 , 4.666 , 4.787 , 4.948 , 5.118 , 5.323 , 5.542 , 5.792 , 6.058 , 6.354 , 6.668  , 7.010  , 7.371  , 7.759  , 8.168  , 8.605  , 8.900  , 9.213  , 9.543  , 9.783  , 10.035 , 10.299 , 10.575 , 10.784 , 11.001 , 11.227 , 11.462 , 11.705 , 12.130 , 12.323 , 12.523 , 12.730 , 12.942 , 13.162 , 13.312 , 13.467 , 13.626 , 13.790 , 14.236 , 14.408 , 14.566 , 14.728 , 15.192 , 15.361 , 15.534 , 15.712 , 15.893 , 16.077 , 16.266 , 16.754 , 16.922 , 17.091 , 17.245 , 17.383 , 17.539 , 17.715 , 17.892 , 18.375 , 18.559 , 18.744 , None                             , 0.000, 0.000, 0.000, 0.000, 0.000, 0.000, 0.000, 0.000, 0.000, 0.000, 0.000, 0.000, 0.000, 0.000, 0.000, 0.000, 0.000, 0.000, 0.000, 0.000, 0.000, 0.000, 0.000, 0.000, 0.000, 0.000, 0.000, 0.000, 0.000, 0.000, 0.000, 0.000, 0.000, 0.000, 0.000, 0.000, 0.000, 0.000, 0.000, 0.000, 0.000, 0.000, 0.000, 0.000, 0.000, 0.000, 0.000, 0.000, 0.000, 0.000, 0.000, 0.000, 0.000, 0.000, 0.000, 0.000, 0.000, 0.000, 0.000, 0.000, RicochetDamageMult             , 1           , None                               , 0           , None                     , 0           , None      , 0
Haymaker       , Cosmic Haymaker   , TRUE    , "Burst, after a required number of taps"                                                                  , Burst     , Basic, 1   , -             , 0        , 0       , 1     , 1        , 0            , 0           , 60      , #E80098, 1 , 3 , 5 , 7 , 9 , 11, 18, 22, 25, 35 , 45 , 55 , 60 , 90 , 115, 125, 133, 137, 140, 150, 155, 170, 175, 176, 178, 180, 182, 184, 220, 222, 224, 226, 228, 230, 232, 234, 236, 240, 260, 264, 266, 268, 350, 360, 365, 370, 380, 385, 390, 400, 410, 420, 430, 440, 450, 460, 470, 480, 490, 500, 0 , 45, 55, 60, 100, 120, 200, 250, 300, 400, 450, 550, 700, 1000, 1350, 1400, 1425, 1450, 1475, 1650, 1700, 1800, 1850, 1900, 1950, 2000, 2050, 2150, 2445, 2465, 2490, 2510, 2530, 2555, 2580, 2600, 2625, 2665, 2885, 2935, 2955, 2980, 3500, 3600, 3650, 3700, 3800, 3850, 3900, 4000, 4100, 4200, 4300, 4400, 4500, 4600, 4700, 4800, 4900, 5000, HaymakerBurst         , 70.200, 73.139, 75.028, 77.546, 80.218, 83.423, 86.853, 90.773, 94.949, 99.589, 104.508, 109.874, 115.523, 121.607, 128.020, 134.860, 139.490, 144.393, 149.568, 153.331, 157.282, 161.421, 165.748, 169.016, 172.421, 175.962, 179.639, 183.452, 190.111, 193.144, 196.278, 199.513, 202.849, 206.286, 208.644, 211.070, 213.564, 216.125, 223.128, 225.824, 228.299, 230.835, 238.099, 240.756, 243.472, 246.250, 249.087, 251.985, 254.943, 262.591, 265.217, 267.869, 270.280, 272.443, 274.895, 277.643, 280.420, 287.991, 290.871, 293.780, None                             , 0    , 0    , 0    , 0    , 0    , 0    , 0    , 0    , 0    , 0    , 0    , 0    , 0    , 0    , 0    , 0    , 0    , 0    , 0    , 0    , 0    , 0    , 0    , 0    , 0    , 0    , 0    , 0    , 0    , 0    , 0    , 0    , 0    , 0    , 0    , 0    , 0    , 0    , 0    , 0    , 0    , 0    , 0    , 0    , 0    , 0    , 0    , 0    , 0    , 0    , 0    , 0    , 0    , 0    , 0    , 0    , 0    , 0    , 0    , 0    , HaymakerTapsNeeded             , 70          , None                               , 0           , None                     , 0           , None      , 0
ChainLightning , Chain of Vengeance, TRUE    , "Burst, split damage on all parts activated"                                                              , Burst     , Basic, 2   , -             , 0        , 0       , 0.12  , 0.12     , 0            , 0           , 60      , #E00D09, 1 , 3 , 5 , 7 , 9 , 11, 18, 22, 25, 35 , 45 , 55 , 60 , 90 , 115, 125, 133, 137, 140, 150, 155, 170, 175, 176, 178, 180, 182, 184, 220, 222, 224, 226, 228, 230, 232, 234, 236, 240, 260, 264, 266, 268, 350, 360, 365, 370, 380, 385, 390, 400, 410, 420, 430, 440, 450, 460, 470, 480, 490, 500, 0 , 45, 55, 60, 100, 120, 200, 250, 300, 400, 450, 550, 700, 1000, 1350, 1400, 1425, 1450, 1475, 1650, 1700, 1800, 1850, 1900, 1950, 2000, 2050, 2150, 2445, 2465, 2490, 2510, 2530, 2555, 2580, 2600, 2625, 2665, 2885, 2935, 2955, 2980, 3500, 3600, 3650, 3700, 3800, 3850, 3900, 4000, 4100, 4200, 4300, 4400, 4500, 4600, 4700, 4800, 4900, 5000, ChainLightningBurst   , 7.548 , 7.864 , 8.067 , 8.338 , 8.625 , 8.970 , 9.339 , 9.760 , 10.209, 10.708, 11.237 , 11.814 , 12.421 , 13.075 , 13.765 , 14.500 , 14.998 , 15.525 , 16.082 , 16.486 , 16.911 , 17.356 , 17.821 , 18.173 , 18.539 , 18.920 , 19.315 , 19.725 , 20.441 , 20.767 , 21.104 , 21.452 , 21.811 , 22.180 , 22.434 , 22.695 , 22.963 , 23.238 , 23.991 , 24.281 , 24.547 , 24.820 , 25.601 , 25.886 , 26.178 , 26.477 , 26.782 , 27.094 , 27.412 , 28.234 , 28.517 , 28.802 , 29.061 , 29.293 , 29.557 , 29.853 , 30.151 , 30.965 , 31.275 , 31.588 , None                             , 0    , 0    , 0    , 0    , 0    , 0    , 0    , 0    , 0    , 0    , 0    , 0    , 0    , 0    , 0    , 0    , 0    , 0    , 0    , 0    , 0    , 0    , 0    , 0    , 0    , 0    , 0    , 0    , 0    , 0    , 0    , 0    , 0    , 0    , 0    , 0    , 0    , 0    , 0    , 0    , 0    , 0    , 0    , 0    , 0    , 0    , 0    , 0    , 0    , 0    , 0    , 0    , 0    , 0    , 0    , 0    , 0    , 0    , 0    , 0    , None                           , 0           , ChainLightningMaxTargets           , 8           , None                     , 0           , None      , 0
MirrorForce    , Mirror Force      , TRUE    , "Burst, increased damage based on clan usage in previous cycle"                                           , Burst     , Basic, 2   , -             , 0        , 0       , 0.12  , 0.12     , 0            , 0           , 60      , #FF8A00, 1 , 3 , 5 , 7 , 9 , 11, 18, 22, 25, 35 , 45 , 55 , 60 , 90 , 115, 125, 133, 137, 140, 150, 155, 170, 175, 176, 178, 180, 182, 184, 220, 222, 224, 226, 228, 230, 232, 234, 236, 240, 260, 264, 266, 268, 350, 360, 365, 370, 380, 385, 390, 400, 410, 420, 430, 440, 450, 460, 470, 480, 490, 500, 0 , 45, 55, 60, 100, 120, 200, 250, 300, 400, 450, 550, 700, 1000, 1350, 1400, 1425, 1450, 1475, 1650, 1700, 1800, 1850, 1900, 1950, 2000, 2050, 2150, 2445, 2465, 2490, 2510, 2530, 2555, 2580, 2600, 2625, 2665, 2885, 2935, 2955, 2980, 3500, 3600, 3650, 3700, 3800, 3850, 3900, 4000, 4100, 4200, 4300, 4400, 4500, 4600, 4700, 4800, 4900, 5000, MirrorForceBurst      , 7.156 , 7.456 , 7.648 , 7.905 , 8.177 , 8.504 , 8.854 , 9.253 , 9.679 , 10.152, 10.653 , 11.200 , 11.776 , 12.396 , 13.050 , 13.747 , 14.219 , 14.719 , 15.247 , 15.630 , 16.033 , 16.455 , 16.896 , 17.229 , 17.576 , 17.937 , 18.312 , 18.701 , 19.379 , 19.689 , 20.008 , 20.338 , 20.678 , 21.028 , 21.269 , 21.516 , 21.770 , 22.031 , 22.745 , 23.020 , 23.272 , 23.531 , 24.271 , 24.542 , 24.819 , 25.102 , 25.391 , 25.687 , 25.988 , 26.768 , 27.036 , 27.306 , 27.552 , 27.772 , 28.022 , 28.302 , 28.585 , 29.357 , 29.651 , 29.947 , None                             , 0    , 0    , 0    , 0    , 0    , 0    , 0    , 0    , 0    , 0    , 0    , 0    , 0    , 0    , 0    , 0    , 0    , 0    , 0    , 0    , 0    , 0    , 0    , 0    , 0    , 0    , 0    , 0    , 0    , 0    , 0    , 0    , 0    , 0    , 0    , 0    , 0    , 0    , 0    , 0    , 0    , 0    , 0    , 0    , 0    , 0    , 0    , 0    , 0    , 0    , 0    , 0    , 0    , 0    , 0    , 0    , 0    , 0    , 0    , 0    , MirrorForceBoost               , 0.01        , MirrorForceBoostMax                , 0.35        , None                     , 0           , None      , 0
CelestialStatic, Celestial Static  , TRUE    , "Burst, builds charges on Body, bursts on Armor"                                                          , Burst     , Basic, 2   , Armor         , 0        , 0       , 1     , 1        , 0            , 0           , 60      , #C20020, 1 , 3 , 5 , 7 , 9 , 11, 18, 22, 25, 35 , 45 , 55 , 60 , 90 , 115, 125, 133, 137, 140, 150, 155, 170, 175, 176, 178, 180, 182, 184, 220, 222, 224, 226, 228, 230, 232, 234, 236, 240, 260, 264, 266, 268, 350, 360, 365, 370, 380, 385, 390, 400, 410, 420, 430, 440, 450, 460, 470, 480, 490, 500, 0 , 45, 55, 60, 100, 120, 200, 250, 300, 400, 450, 550, 700, 1000, 1350, 1400, 1425, 1450, 1475, 1650, 1700, 1800, 1850, 1900, 1950, 2000, 2050, 2150, 2445, 2465, 2490, 2510, 2530, 2555, 2580, 2600, 2625, 2665, 2885, 2935, 2955, 2980, 3500, 3600, 3650, 3700, 3800, 3850, 3900, 4000, 4100, 4200, 4300, 4400, 4500, 4600, 4700, 4800, 4900, 5000, CelestialStaticBurst  , 10.190, 10.617, 10.891, 11.256, 11.644, 12.109, 12.607, 13.176, 13.782, 14.456, 15.170 , 15.949 , 16.769 , 17.652 , 18.583 , 19.576 , 20.248 , 20.960 , 21.711 , 22.257 , 22.830 , 23.431 , 24.059 , 24.534 , 25.028 , 25.542 , 26.076 , 26.629 , 27.596 , 28.036 , 28.491 , 28.961 , 29.445 , 29.944 , 30.286 , 30.638 , 31.000 , 31.372 , 32.389 , 32.780 , 33.139 , 33.507 , 34.562 , 34.947 , 35.342 , 35.745 , 36.157 , 36.577 , 37.007 , 38.117 , 38.498 , 38.883 , 39.233 , 39.547 , 39.903 , 40.302 , 40.705 , 41.804 , 42.222 , 42.644 , None                             , 0    , 0    , 0    , 0    , 0    , 0    , 0    , 0    , 0    , 0    , 0    , 0    , 0    , 0    , 0    , 0    , 0    , 0    , 0    , 0    , 0    , 0    , 0    , 0    , 0    , 0    , 0    , 0    , 0    , 0    , 0    , 0    , 0    , 0    , 0    , 0    , 0    , 0    , 0    , 0    , 0    , 0    , 0    , 0    , 0    , 0    , 0    , 0    , 0    , 0    , 0    , 0    , 0    , 0    , 0    , 0    , 0    , 0    , 0    , 0    , CelestialStaticChargePerBurst  , 8           , CelestialStaticChargePerTap        , 1           , CelestialStaticMaxCharges, 100         , None      , 0
BurningAttack  , Blazing Inferno   , TRUE    , Chance to apply burning affliction                                                                        , Affliction, Basic, 1   , -             , 3        , 6       , 0.05  , 0.05     , 0            , 0           , 60      , #FB702B, 1 , 3 , 5 , 7 , 9 , 11, 18, 22, 25, 35 , 45 , 55 , 60 , 90 , 115, 125, 133, 137, 140, 150, 155, 170, 175, 176, 178, 180, 182, 184, 220, 222, 224, 226, 228, 230, 232, 234, 236, 240, 260, 264, 266, 268, 350, 360, 365, 370, 380, 385, 390, 400, 410, 420, 430, 440, 450, 460, 470, 480, 490, 500, 0 , 45, 55, 60, 100, 120, 200, 250, 300, 400, 450, 550, 700, 1000, 1350, 1400, 1425, 1450, 1475, 1650, 1700, 1800, 1850, 1900, 1950, 2000, 2050, 2150, 2445, 2465, 2490, 2510, 2530, 2555, 2580, 2600, 2625, 2665, 2885, 2935, 2955, 2980, 3500, 3600, 3650, 3700, 3800, 3850, 3900, 4000, 4100, 4200, 4300, 4400, 4500, 4600, 4700, 4800, 4900, 5000, BurningDamageRate     , 1.286 , 1.340 , 1.374 , 1.421 , 1.470 , 1.528 , 1.591 , 1.663 , 1.739 , 1.824 , 1.914  , 2.013  , 2.116  , 2.228  , 2.345  , 2.471  , 2.555  , 2.645  , 2.740  , 2.809  , 2.881  , 2.957  , 3.036  , 3.096  , 3.159  , 3.223  , 3.291  , 3.361  , 3.483  , 3.538  , 3.596  , 3.655  , 3.716  , 3.779  , 3.822  , 3.867  , 3.912  , 3.959  , 4.088  , 4.137  , 4.182  , 4.229  , 4.362  , 4.410  , 4.460  , 4.511  , 4.563  , 4.616  , 4.670  , 4.810  , 4.859  , 4.907  , 4.951  , 4.991  , 5.036  , 5.086  , 5.137  , 5.276  , 5.328  , 5.382  , None                             , 0    , 0    , 0    , 0    , 0    , 0    , 0    , 0    , 0    , 0    , 0    , 0    , 0    , 0    , 0    , 0    , 0    , 0    , 0    , 0    , 0    , 0    , 0    , 0    , 0    , 0    , 0    , 0    , 0    , 0    , 0    , 0    , 0    , 0    , 0    , 0    , 0    , 0    , 0    , 0    , 0    , 0    , 0    , 0    , 0    , 0    , 0    , 0    , 0    , 0    , 0    , 0    , 0    , 0    , 0    , 0    , 0    , 0    , 0    , 0    , BurningPartChance              , 0.03        , None                               , 0           , None                     , 0           , None      , 0
PoisonAttack   , Acid Drench       , TRUE    , Chance to apply acid affliction                                                                           , Affliction, Basic, 1   , -             , 15       , 2.2     , 0.18  , 0.18     , 0            , 0           , 60      , #84FF21, 1 , 3 , 5 , 7 , 9 , 11, 18, 22, 25, 35 , 45 , 55 , 60 , 90 , 115, 125, 133, 137, 140, 150, 155, 170, 175, 176, 178, 180, 182, 184, 220, 222, 224, 226, 228, 230, 232, 234, 236, 240, 260, 264, 266, 268, 350, 360, 365, 370, 380, 385, 390, 400, 410, 420, 430, 440, 450, 460, 470, 480, 490, 500, 0 , 45, 55, 60, 100, 120, 200, 250, 300, 400, 450, 550, 700, 1000, 1350, 1400, 1425, 1450, 1475, 1650, 1700, 1800, 1850, 1900, 1950, 2000, 2050, 2150, 2445, 2465, 2490, 2510, 2530, 2555, 2580, 2600, 2625, 2665, 2885, 2935, 2955, 2980, 3500, 3600, 3650, 3700, 3800, 3850, 3900, 4000, 4100, 4200, 4300, 4400, 4500, 4600, 4700, 4800, 4900, 5000, PoisonDamageRate      , 0.757 , 0.789 , 0.809 , 0.836 , 0.865 , 0.900 , 0.937 , 0.979 , 1.024 , 1.074 , 1.127  , 1.185  , 1.246  , 1.311  , 1.380  , 1.454  , 1.504  , 1.557  , 1.613  , 1.653  , 1.696  , 1.741  , 1.787  , 1.823  , 1.859  , 1.897  , 1.937  , 1.978  , 2.050  , 2.083  , 2.117  , 2.151  , 2.187  , 2.224  , 2.250  , 2.276  , 2.303  , 2.331  , 2.406  , 2.435  , 2.462  , 2.489  , 2.568  , 2.596  , 2.625  , 2.655  , 2.686  , 2.717  , 2.749  , 2.832  , 2.860  , 2.889  , 2.915  , 2.938  , 2.964  , 2.994  , 3.024  , 3.106  , 3.137  , 3.168  , None                             , 0    , 0    , 0    , 0    , 0    , 0    , 0    , 0    , 0    , 0    , 0    , 0    , 0    , 0    , 0    , 0    , 0    , 0    , 0    , 0    , 0    , 0    , 0    , 0    , 0    , 0    , 0    , 0    , 0    , 0    , 0    , 0    , 0    , 0    , 0    , 0    , 0    , 0    , 0    , 0    , 0    , 0    , 0    , 0    , 0    , 0    , 0    , 0    , 0    , 0    , 0    , 0    , 0    , 0    , 0    , 0    , 0    , 0    , 0    , 0    , None                           , 0           , None                               , 0           , None                     , 0           , None      , 0
DecayingAttack , Decaying Strike   , TRUE    , Chance to apply decay affliction                                                                          , Affliction, Basic, 2   , -             , 5        , 3       , 0.1   , 0.1      , 0            , 0           , 60      , #E844D8, 1 , 3 , 5 , 7 , 9 , 11, 18, 22, 25, 35 , 45 , 55 , 60 , 90 , 115, 125, 133, 137, 140, 150, 155, 170, 175, 176, 178, 180, 182, 184, 220, 222, 224, 226, 228, 230, 232, 234, 236, 240, 260, 264, 266, 268, 350, 360, 365, 370, 380, 385, 390, 400, 410, 420, 430, 440, 450, 460, 470, 480, 490, 500, 0 , 45, 55, 60, 100, 120, 200, 250, 300, 400, 450, 550, 700, 1000, 1350, 1400, 1425, 1450, 1475, 1650, 1700, 1800, 1850, 1900, 1950, 2000, 2050, 2150, 2445, 2465, 2490, 2510, 2530, 2555, 2580, 2600, 2625, 2665, 2885, 2935, 2955, 2980, 3500, 3600, 3650, 3700, 3800, 3850, 3900, 4000, 4100, 4200, 4300, 4400, 4500, 4600, 4700, 4800, 4900, 5000, DecayPercentRate      , 5.720 , 5.959 , 6.113 , 6.319 , 6.536 , 6.797 , 7.077 , 7.396 , 7.737 , 8.115 , 8.515  , 8.953  , 9.413  , 9.909  , 10.431 , 10.989 , 11.366 , 11.765 , 12.187 , 12.494 , 12.816 , 13.153 , 13.505 , 13.772 , 14.049 , 14.338 , 14.637 , 14.948 , 15.491 , 15.738 , 15.993 , 16.257 , 16.528 , 16.808 , 17.001 , 17.198 , 17.402 , 17.610 , 18.181 , 18.400 , 18.602 , 18.809 , 19.401 , 19.617 , 19.838 , 20.065 , 20.296 , 20.532 , 20.773 , 21.396 , 21.610 , 21.826 , 22.023 , 22.199 , 22.399 , 22.623 , 22.849 , 23.466 , 23.701 , 23.938 , None                             , 0    , 0    , 0    , 0    , 0    , 0    , 0    , 0    , 0    , 0    , 0    , 0    , 0    , 0    , 0    , 0    , 0    , 0    , 0    , 0    , 0    , 0    , 0    , 0    , 0    , 0    , 0    , 0    , 0    , 0    , 0    , 0    , 0    , 0    , 0    , 0    , 0    , 0    , 0    , 0    , 0    , 0    , 0    , 0    , 0    , 0    , 0    , 0    , 0    , 0    , 0    , 0    , 0    , 0    , 0    , 0    , 0    , 0    , 0    , 0    , None                           , 0           , DecayDamageExpo                    , 1           , DecayHealthCap           , 0.75        , None      , 0
Fuse           , Fusion Bomb       , TRUE    , Chance to apply fuse affliction                                                                           , Affliction, Basic, 2   , -             , 1        , 2.2     , 0.1   , 0.1      , 0            , 0           , 60      , #FFBA00, 1 , 3 , 5 , 7 , 9 , 11, 18, 22, 25, 35 , 45 , 55 , 60 , 90 , 115, 125, 133, 137, 140, 150, 155, 170, 175, 176, 178, 180, 182, 184, 220, 222, 224, 226, 228, 230, 232, 234, 236, 240, 260, 264, 266, 268, 350, 360, 365, 370, 380, 385, 390, 400, 410, 420, 430, 440, 450, 460, 470, 480, 490, 500, 0 , 45, 55, 60, 100, 120, 200, 250, 300, 400, 450, 550, 700, 1000, 1350, 1400, 1425, 1450, 1475, 1650, 1700, 1800, 1850, 1900, 1950, 2000, 2050, 2150, 2445, 2465, 2490, 2510, 2530, 2555, 2580, 2600, 2625, 2665, 2885, 2935, 2955, 2980, 3500, 3600, 3650, 3700, 3800, 3850, 3900, 4000, 4100, 4200, 4300, 4400, 4500, 4600, 4700, 4800, 4900, 5000, FuseExplosionMult     , 16.646, 17.343, 17.791, 18.388, 19.021, 19.781, 20.595, 21.524, 22.515, 23.615, 24.781 , 26.054 , 27.393 , 28.836 , 30.356 , 31.978 , 33.076 , 34.239 , 35.466 , 36.358 , 37.295 , 38.276 , 39.303 , 40.078 , 40.885 , 41.725 , 42.596 , 43.501 , 45.080 , 45.799 , 46.542 , 47.309 , 48.100 , 48.915 , 49.474 , 50.050 , 50.641 , 51.248 , 52.909 , 53.548 , 54.135 , 54.736 , 56.459 , 57.089 , 57.733 , 58.391 , 59.064 , 59.751 , 60.453 , 62.266 , 62.889 , 63.518 , 64.090 , 64.602 , 65.184 , 65.836 , 66.494 , 68.289 , 68.972 , 69.662 , None                             , 0    , 0    , 0    , 0    , 0    , 0    , 0    , 0    , 0    , 0    , 0    , 0    , 0    , 0    , 0    , 0    , 0    , 0    , 0    , 0    , 0    , 0    , 0    , 0    , 0    , 0    , 0    , 0    , 0    , 0    , 0    , 0    , 0    , 0    , 0    , 0    , 0    , 0    , 0    , 0    , 0    , 0    , 0    , 0    , 0    , 0    , 0    , 0    , 0    , 0    , 0    , 0    , 0    , 0    , 0    , 0    , 0    , 0    , 0    , 0    , None                           , 0           , FuseRepeatChance                   , 1           , None                     , 0           , None      , 0
Shadow         , Grim Shadow       , TRUE    , Damage bonus at max stacks                                                                                , Affliction, Basic, 2   , -             , 7        , 8       , 0.09  , 0.09     , 0            , 0           , 60      , #9CBEE0, 1 , 3 , 5 , 7 , 9 , 11, 18, 22, 25, 35 , 45 , 55 , 60 , 90 , 115, 125, 133, 137, 140, 150, 155, 170, 175, 176, 178, 180, 182, 184, 220, 222, 224, 226, 228, 230, 232, 234, 236, 240, 260, 264, 266, 268, 350, 360, 365, 370, 380, 385, 390, 400, 410, 420, 430, 440, 450, 460, 470, 480, 490, 500, 0 , 45, 55, 60, 100, 120, 200, 250, 300, 400, 450, 550, 700, 1000, 1350, 1400, 1425, 1450, 1475, 1650, 1700, 1800, 1850, 1900, 1950, 2000, 2050, 2150, 2445, 2465, 2490, 2510, 2530, 2555, 2580, 2600, 2625, 2665, 2885, 2935, 2955, 2980, 3500, 3600, 3650, 3700, 3800, 3850, 3900, 4000, 4100, 4200, 4300, 4400, 4500, 4600, 4700, 4800, 4900, 5000, ShadowDamageRate      , 0.559 , 0.582 , 0.597 , 0.617 , 0.639 , 0.664 , 0.692 , 0.723 , 0.756 , 0.793 , 0.832  , 0.875  , 0.920  , 0.968  , 1.019  , 1.074  , 1.111  , 1.150  , 1.191  , 1.221  , 1.252  , 1.285  , 1.320  , 1.346  , 1.373  , 1.401  , 1.430  , 1.461  , 1.514  , 1.538  , 1.563  , 1.589  , 1.615  , 1.643  , 1.661  , 1.681  , 1.701  , 1.721  , 1.777  , 1.798  , 1.818  , 1.838  , 1.896  , 1.917  , 1.939  , 1.961  , 1.983  , 2.007  , 2.030  , 2.091  , 2.112  , 2.133  , 2.152  , 2.169  , 2.189  , 2.211  , 2.233  , 2.293  , 2.316  , 2.339  , None                             , 0    , 0    , 0    , 0    , 0    , 0    , 0    , 0    , 0    , 0    , 0    , 0    , 0    , 0    , 0    , 0    , 0    , 0    , 0    , 0    , 0    , 0    , 0    , 0    , 0    , 0    , 0    , 0    , 0    , 0    , 0    , 0    , 0    , 0    , 0    , 0    , 0    , 0    , 0    , 0    , 0    , 0    , 0    , 0    , 0    , 0    , 0    , 0    , 0    , 0    , 0    , 0    , 0    , 0    , 0    , 0    , 0    , 0    , 0    , 0    , ShadowDamageMult               , 1.2         , None                               , 0           , None                     , 0           , None      , 0
PlagueAttack   , Thriving Plague   , TRUE    , Damage increases as debuff is spread                                                                      , Affliction, Basic, 1   , -             , 5        , 4.6     , 0.08  , 0.08     , 0            , 0           , 60      , #14ff48, 1 , 3 , 5 , 7 , 9 , 11, 18, 22, 25, 35 , 45 , 55 , 60 , 90 , 115, 125, 133, 137, 140, 150, 155, 170, 175, 176, 178, 180, 182, 184, 220, 222, 224, 226, 228, 230, 232, 234, 236, 240, 260, 264, 266, 268, 350, 360, 365, 370, 380, 385, 390, 400, 410, 420, 430, 440, 450, 460, 470, 480, 490, 500, 0 , 45, 55, 60, 100, 120, 200, 250, 300, 400, 450, 550, 700, 1000, 1350, 1400, 1425, 1450, 1475, 1650, 1700, 1800, 1850, 1900, 1950, 2000, 2050, 2150, 2445, 2465, 2490, 2510, 2530, 2555, 2580, 2600, 2625, 2665, 2885, 2935, 2955, 2980, 3500, 3600, 3650, 3700, 3800, 3850, 3900, 4000, 4100, 4200, 4300, 4400, 4500, 4600, 4700, 4800, 4900, 5000, PlagueAttackDamageRate, 1.917 , 1.997 , 2.049 , 2.118 , 2.191 , 2.278 , 2.372 , 2.479 , 2.593 , 2.720 , 2.854  , 3.000  , 3.155  , 3.321  , 3.496  , 3.683  , 3.809  , 3.943  , 4.084  , 4.187  , 4.295  , 4.408  , 4.526  , 4.615  , 4.708  , 4.805  , 4.906  , 5.010  , 5.192  , 5.274  , 5.360  , 5.448  , 5.539  , 5.633  , 5.698  , 5.764  , 5.832  , 5.902  , 6.093  , 6.167  , 6.234  , 6.304  , 6.502  , 6.574  , 6.649  , 6.725  , 6.802  , 6.881  , 6.962  , 7.171  , 7.242  , 7.315  , 7.381  , 7.440  , 7.507  , 7.582  , 7.658  , 7.864  , 7.943  , 8.022  , None                             , 0.00 , 0.00 , 0.00 , 0.00 , 0.00 , 0.00 , 0.00 , 0.00 , 0.00 , 0.00 , 0.00 , 0.00 , 0.00 , 0.00 , 0.00 , 0.00 , 0.00 , 0.00 , 0.00 , 0.00 , 0.00 , 0.00 , 0.00 , 0.00 , 0.00 , 0.00 , 0.00 , 0.00 , 0.00 , 0.00 , 0.00 , 0.00 , 0.00 , 0.00 , 0.00 , 0.00 , 0.00 , 0.00 , 0.00 , 0.00 , 0.00 , 0.00 , 0.00 , 0.00 , 0.00 , 0.00 , 0.00 , 0.00 , 0.00 , 0.00 , 0.00 , 0.00 , 0.00 , 0.00 , 0.00 , 0.00 , 0.00 , 0.00 , 0.00 , 0.00 , PlagueAttackDamageMult         , 0.11        , None                               , 0           , None                     , 0           , None      , 0
Disease        , Radioactivity     , TRUE    , Damage increases over time                                                                                , Affliction, Basic, 1   , -             , 5        , 5       , 0.12  , 0.12     , 0            , 0           , 60      , #FFDB00, 1 , 3 , 5 , 7 , 9 , 11, 18, 22, 25, 35 , 45 , 55 , 60 , 90 , 115, 125, 133, 137, 140, 150, 155, 170, 175, 176, 178, 180, 182, 184, 220, 222, 224, 226, 228, 230, 232, 234, 236, 240, 260, 264, 266, 268, 350, 360, 365, 370, 380, 385, 390, 400, 410, 420, 430, 440, 450, 460, 470, 480, 490, 500, 0 , 45, 55, 60, 100, 120, 200, 250, 300, 400, 450, 550, 700, 1000, 1350, 1400, 1425, 1450, 1475, 1650, 1700, 1800, 1850, 1900, 1950, 2000, 2050, 2150, 2445, 2465, 2490, 2510, 2530, 2555, 2580, 2600, 2625, 2665, 2885, 2935, 2955, 2980, 3500, 3600, 3650, 3700, 3800, 3850, 3900, 4000, 4100, 4200, 4300, 4400, 4500, 4600, 4700, 4800, 4900, 5000, DiseaseDamageRate     , 0.660 , 0.688 , 0.705 , 0.729 , 0.754 , 0.784 , 0.817 , 0.853 , 0.893 , 0.936 , 0.983  , 1.033  , 1.086  , 1.143  , 1.204  , 1.268  , 1.311  , 1.358  , 1.406  , 1.442  , 1.479  , 1.518  , 1.558  , 1.589  , 1.621  , 1.654  , 1.689  , 1.725  , 1.787  , 1.816  , 1.845  , 1.876  , 1.907  , 1.939  , 1.962  , 1.984  , 2.008  , 2.032  , 2.098  , 2.123  , 2.146  , 2.170  , 2.239  , 2.264  , 2.289  , 2.315  , 2.342  , 2.369  , 2.397  , 2.469  , 2.493  , 2.518  , 2.541  , 2.561  , 2.584  , 2.610  , 2.636  , 2.708  , 2.735  , 2.762  , None                             , 0    , 0    , 0    , 0    , 0    , 0    , 0    , 0    , 0    , 0    , 0    , 0    , 0    , 0    , 0    , 0    , 0    , 0    , 0    , 0    , 0    , 0    , 0    , 0    , 0    , 0    , 0    , 0    , 0    , 0    , 0    , 0    , 0    , 0    , 0    , 0    , 0    , 0    , 0    , 0    , 0    , 0    , 0    , 0    , 0    , 0    , 0    , 0    , 0    , 0    , 0    , 0    , 0    , 0    , 0    , 0    , 0    , 0    , 0    , 0    , DiseaseBonusRate               , 0.13        , None                               , 0           , None                     , 0           , None      , 0
Swarm          , Ravenous Swarm    , TRUE    , Extra stacks spread to random parts                                                                       , Affliction, Basic, 1   , -             , 6        , 5       , 0.18  , 0.18     , 0            , 0           , 60      , #F6FF9E, 1 , 3 , 5 , 7 , 9 , 11, 18, 22, 25, 35 , 45 , 55 , 60 , 90 , 115, 125, 133, 137, 140, 150, 155, 170, 175, 176, 178, 180, 182, 184, 220, 222, 224, 226, 228, 230, 232, 234, 236, 240, 260, 264, 266, 268, 350, 360, 365, 370, 380, 385, 390, 400, 410, 420, 430, 440, 450, 460, 470, 480, 490, 500, 0 , 45, 55, 60, 100, 120, 200, 250, 300, 400, 450, 550, 700, 1000, 1350, 1400, 1425, 1450, 1475, 1650, 1700, 1800, 1850, 1900, 1950, 2000, 2050, 2150, 2445, 2465, 2490, 2510, 2530, 2555, 2580, 2600, 2625, 2665, 2885, 2935, 2955, 2980, 3500, 3600, 3650, 3700, 3800, 3850, 3900, 4000, 4100, 4200, 4300, 4400, 4500, 4600, 4700, 4800, 4900, 5000, SwarmDamageRate       , 1.134 , 1.181 , 1.212 , 1.253 , 1.296 , 1.348 , 1.403 , 1.466 , 1.534 , 1.609 , 1.688  , 1.775  , 1.866  , 1.964  , 2.068  , 2.179  , 2.253  , 2.333  , 2.416  , 2.477  , 2.541  , 2.608  , 2.677  , 2.730  , 2.785  , 2.842  , 2.902  , 2.963  , 3.071  , 3.120  , 3.171  , 3.223  , 3.277  , 3.332  , 3.370  , 3.410  , 3.450  , 3.491  , 3.604  , 3.648  , 3.688  , 3.729  , 3.846  , 3.889  , 3.933  , 3.978  , 4.024  , 4.071  , 4.118  , 4.242  , 4.284  , 4.327  , 4.366  , 4.401  , 4.441  , 4.485  , 4.530  , 4.652  , 4.699  , 4.746  , None                             , 0    , 0    , 0    , 0    , 0    , 0    , 0    , 0    , 0    , 0    , 0    , 0    , 0    , 0    , 0    , 0    , 0    , 0    , 0    , 0    , 0    , 0    , 0    , 0    , 0    , 0    , 0    , 0    , 0    , 0    , 0    , 0    , 0    , 0    , 0    , 0    , 0    , 0    , 0    , 0    , 0    , 0    , 0    , 0    , 0    , 0    , 0    , 0    , 0    , 0    , 0    , 0    , 0    , 0    , 0    , 0    , 0    , 0    , 0    , 0    , None                           , 0           , None                               , 0           , None                     , 0           , None      , 0
RuinousRust    , Ruinous Rain      , TRUE    , Unlimited stacks and bonus cursed damage                                                                  , Affliction, Basic, 1   , -             , 999      , 99      , 0.18  , 0.18     , 0            , 0           , 60      , #de8eb3, 1 , 3 , 5 , 7 , 9 , 11, 18, 22, 25, 35 , 45 , 55 , 60 , 90 , 115, 125, 133, 137, 140, 150, 155, 170, 175, 176, 178, 180, 182, 184, 220, 222, 224, 226, 228, 230, 232, 234, 236, 240, 260, 264, 266, 268, 350, 360, 365, 370, 380, 385, 390, 400, 410, 420, 430, 440, 450, 460, 470, 480, 490, 500, 0 , 45, 55, 60, 100, 120, 200, 250, 300, 400, 450, 550, 700, 1000, 1350, 1400, 1425, 1450, 1475, 1650, 1700, 1800, 1850, 1900, 1950, 2000, 2050, 2150, 2445, 2465, 2490, 2510, 2530, 2555, 2580, 2600, 2625, 2665, 2885, 2935, 2955, 2980, 3500, 3600, 3650, 3700, 3800, 3850, 3900, 4000, 4100, 4200, 4300, 4400, 4500, 4600, 4700, 4800, 4900, 5000, RuinousRustDamageRate , 0.333 , 0.347 , 0.356 , 0.368 , 0.381 , 0.396 , 0.412 , 0.431 , 0.450 , 0.472 , 0.496  , 0.521  , 0.548  , 0.577  , 0.607  , 0.640  , 0.662  , 0.685  , 0.709  , 0.727  , 0.746  , 0.766  , 0.786  , 0.802  , 0.818  , 0.835  , 0.852  , 0.870  , 0.902  , 0.916  , 0.931  , 0.946  , 0.962  , 0.979  , 0.990  , 1.001  , 1.013  , 1.025  , 1.058  , 1.071  , 1.083  , 1.095  , 1.129  , 1.142  , 1.155  , 1.168  , 1.182  , 1.195  , 1.209  , 1.246  , 1.258  , 1.271  , 1.282  , 1.292  , 1.304  , 1.317  , 1.330  , 1.366  , 1.380  , 1.394  , None                             , 0    , 0    , 0    , 0    , 0    , 0    , 0    , 0    , 0    , 0    , 0    , 0    , 0    , 0    , 0    , 0    , 0    , 0    , 0    , 0    , 0    , 0    , 0    , 0    , 0    , 0    , 0    , 0    , 0    , 0    , 0    , 0    , 0    , 0    , 0    , 0    , 0    , 0    , 0    , 0    , 0    , 0    , 0    , 0    , 0    , 0    , 0    , 0    , 0    , 0    , 0    , 0    , 0    , 0    , 0    , 0    , 0    , 0    , 0    , 0    , RuinousRustEnchantedArmorMult  , 1.15        , None                               , 0           , None                     , 0           , None      , 0
RuneAttack     , Maelstrom         , TRUE    , Damage from all sources increases with stacks                                                             , Affliction, Basic, 1   , -             , 2        , 6       , 0.10  , 0.10     , 0            , 0           , 60      , #70E6FF, 1 , 3 , 5 , 7 , 9 , 11, 18, 22, 25, 35 , 45 , 55 , 60 , 90 , 115, 125, 133, 137, 140, 150, 155, 170, 175, 176, 178, 180, 182, 184, 220, 222, 224, 226, 228, 230, 232, 234, 236, 240, 260, 264, 266, 268, 350, 360, 365, 370, 380, 385, 390, 400, 410, 420, 430, 440, 450, 460, 470, 480, 490, 500, 0 , 45, 55, 60, 100, 120, 200, 250, 300, 400, 450, 550, 700, 1000, 1350, 1400, 1425, 1450, 1475, 1650, 1700, 1800, 1850, 1900, 1950, 2000, 2050, 2150, 2445, 2465, 2490, 2510, 2530, 2555, 2580, 2600, 2625, 2665, 2885, 2935, 2955, 2980, 3500, 3600, 3650, 3700, 3800, 3850, 3900, 4000, 4100, 4200, 4300, 4400, 4500, 4600, 4700, 4800, 4900, 5000, RuneDamageRate        , 0.166 , 0.173 , 0.177 , 0.183 , 0.190 , 0.197 , 0.205 , 0.215 , 0.225 , 0.235 , 0.247  , 0.260  , 0.273  , 0.288  , 0.303  , 0.319  , 0.330  , 0.341  , 0.354  , 0.363  , 0.372  , 0.382  , 0.392  , 0.400  , 0.408  , 0.416  , 0.425  , 0.434  , 0.450  , 0.457  , 0.464  , 0.472  , 0.480  , 0.488  , 0.493  , 0.499  , 0.505  , 0.511  , 0.528  , 0.534  , 0.540  , 0.546  , 0.563  , 0.569  , 0.576  , 0.582  , 0.589  , 0.596  , 0.603  , 0.621  , 0.627  , 0.633  , 0.639  , 0.644  , 0.650  , 0.657  , 0.663  , 0.681  , 0.688  , 0.695  , RuneDamageBoost                  , 0.447, 0.473, 0.490, 0.512, 0.536, 0.564, 0.595, 0.630, 0.667, 0.708, 0.752, 0.799, 0.850, 0.904, 0.961, 1.021, 1.063, 1.106, 1.152, 1.185, 1.221, 1.257, 1.296, 1.324, 1.354, 1.385, 1.417, 1.451, 1.507, 1.534, 1.562, 1.591, 1.620, 1.651, 1.672, 1.693, 1.715, 1.737, 1.796, 1.820, 1.844, 1.869, 1.930, 1.954, 1.977, 2.002, 2.027, 2.052, 2.078, 2.143, 2.167, 2.191, 2.214, 2.234, 2.256, 2.281, 2.307, 2.372, 2.399, 2.425, None                           , 0           , None                               , 0           , None                     , 0           , None      , 0
ExecutionersAxe, Crushing Instinct , TRUE    , Head dmg bonus.                                                                                           , Support   , Basic, 1   , Head and Torso, 1        , 99      , 0.08  , 0.08     , 0            , 0           , 60      , #ffffff, 1 , 3 , 5 , 7 , 9 , 11, 18, 22, 25, 35 , 45 , 55 , 60 , 90 , 115, 125, 133, 137, 140, 150, 155, 170, 175, 176, 178, 180, 182, 184, 220, 222, 224, 226, 228, 230, 232, 234, 236, 240, 260, 264, 266, 268, 350, 360, 365, 370, 380, 385, 390, 400, 410, 420, 430, 440, 450, 460, 470, 480, 490, 500, 0 , 45, 55, 60, 100, 120, 200, 250, 300, 400, 450, 550, 700, 1000, 1350, 1400, 1425, 1450, 1475, 1650, 1700, 1800, 1850, 1900, 1950, 2000, 2050, 2150, 2445, 2465, 2490, 2510, 2530, 2555, 2580, 2600, 2625, 2665, 2885, 2935, 2955, 2980, 3500, 3600, 3650, 3700, 3800, 3850, 3900, 4000, 4100, 4200, 4300, 4400, 4500, 4600, 4700, 4800, 4900, 5000, HeadDamageSupport     , 0.859 , 0.910 , 0.943 , 0.987 , 1.034 , 1.090 , 1.149 , 1.218 , 1.291 , 1.372 , 1.457  , 1.551  , 1.650  , 1.756  , 1.868  , 1.987  , 2.067  , 2.153  , 2.243  , 2.309  , 2.378  , 2.450  , 2.525  , 2.581  , 2.640  , 2.701  , 2.764  , 2.830  , 2.940  , 2.993  , 3.048  , 3.104  , 3.162  , 3.223  , 3.263  , 3.305  , 3.348  , 3.392  , 3.508  , 3.554  , 3.602  , 3.651  , 3.771  , 3.816  , 3.863  , 3.911  , 3.960  , 4.010  , 4.061  , 4.189  , 4.236  , 4.283  , 4.327  , 4.366  , 4.411  , 4.460  , 4.510  , 4.638  , 4.690  , 4.742  , ChestDamageSupport               , 0.859, 0.910, 0.943, 0.987, 1.034, 1.090, 1.149, 1.218, 1.291, 1.372, 1.457, 1.551, 1.650, 1.756, 1.868, 1.987, 2.067, 2.153, 2.243, 2.309, 2.378, 2.450, 2.525, 2.581, 2.640, 2.701, 2.764, 2.830, 2.940, 2.993, 3.048, 3.104, 3.162, 3.223, 3.263, 3.305, 3.348, 3.392, 3.508, 3.554, 3.602, 3.651, 3.771, 3.816, 3.863, 3.911, 3.960, 4.010, 4.061, 4.189, 4.236, 4.283, 4.327, 4.366, 4.411, 4.460, 4.510, 4.638, 4.690, 4.742, BurstChanceSupport             , 1.1         , None                               , 0           , None                     , 0           , None      , 0
CrushingVoid   , Insanity Void     , TRUE    , Dmg per exposed body part                                                                                 , Support   , Basic, 2   , -             , 1        , 99      , 0.08  , 0.08     , 0            , 0           , 60      , #ffffff, 1 , 3 , 5 , 7 , 9 , 11, 18, 22, 25, 35 , 45 , 55 , 60 , 90 , 115, 125, 133, 137, 140, 150, 155, 170, 175, 176, 178, 180, 182, 184, 220, 222, 224, 226, 228, 230, 232, 234, 236, 240, 260, 264, 266, 268, 350, 360, 365, 370, 380, 385, 390, 400, 410, 420, 430, 440, 450, 460, 470, 480, 490, 500, 0 , 45, 55, 60, 100, 120, 200, 250, 300, 400, 450, 550, 700, 1000, 1350, 1400, 1425, 1450, 1475, 1650, 1700, 1800, 1850, 1900, 1950, 2000, 2050, 2150, 2445, 2465, 2490, 2510, 2530, 2555, 2580, 2600, 2625, 2665, 2885, 2935, 2955, 2980, 3500, 3600, 3650, 3700, 3800, 3850, 3900, 4000, 4100, 4200, 4300, 4400, 4500, 4600, 4700, 4800, 4900, 5000, AllRaidDamageSupport  , 0.338 , 0.355 , 0.365 , 0.379 , 0.394 , 0.412 , 0.432 , 0.454 , 0.477 , 0.503 , 0.531  , 0.561  , 0.593  , 0.627  , 0.663  , 0.702  , 0.728  , 0.755  , 0.784  , 0.806  , 0.828  , 0.851  , 0.875  , 0.894  , 0.912  , 0.932  , 0.952  , 0.974  , 1.009  , 1.026  , 1.044  , 1.062  , 1.081  , 1.100  , 1.113  , 1.127  , 1.141  , 1.155  , 1.192  , 1.207  , 1.223  , 1.238  , 1.277  , 1.292  , 1.307  , 1.322  , 1.338  , 1.354  , 1.371  , 1.412  , 1.427  , 1.443  , 1.457  , 1.469  , 1.484  , 1.500  , 1.516  , 1.557  , 1.574  , 1.591  , ExposedBodyBoostSupport          , 0.159, 0.167, 0.172, 0.178, 0.186, 0.194, 0.203, 0.213, 0.224, 0.237, 0.250, 0.264, 0.279, 0.295, 0.312, 0.330, 0.342, 0.355, 0.369, 0.379, 0.389, 0.400, 0.412, 0.420, 0.429, 0.438, 0.448, 0.458, 0.475, 0.483, 0.491, 0.500, 0.509, 0.518, 0.524, 0.530, 0.537, 0.543, 0.561, 0.568, 0.575, 0.583, 0.601, 0.608, 0.615, 0.622, 0.630, 0.637, 0.645, 0.664, 0.671, 0.679, 0.685, 0.691, 0.698, 0.705, 0.713, 0.732, 0.740, 0.748, ExposedBodyBoostSupportMaxParts, 6           , None                               , 0           , None                     , 0           , None      , 0
MentalFocus    , Rancid Gas        , TRUE    , Affliction dmg and chance bonus                                                                           , Support   , Basic, 2   , -             , 1        , 99      , 0.08  , 0.08     , 0            , 0           , 60      , #ffffff, 1 , 3 , 5 , 7 , 9 , 11, 18, 22, 25, 35 , 45 , 55 , 60 , 90 , 115, 125, 133, 137, 140, 150, 155, 170, 175, 176, 178, 180, 182, 184, 220, 222, 224, 226, 228, 230, 232, 234, 236, 240, 260, 264, 266, 268, 350, 360, 365, 370, 380, 385, 390, 400, 410, 420, 430, 440, 450, 460, 470, 480, 490, 500, 0 , 45, 55, 60, 100, 120, 200, 250, 300, 400, 450, 550, 700, 1000, 1350, 1400, 1425, 1450, 1475, 1650, 1700, 1800, 1850, 1900, 1950, 2000, 2050, 2150, 2445, 2465, 2490, 2510, 2530, 2555, 2580, 2600, 2625, 2665, 2885, 2935, 2955, 2980, 3500, 3600, 3650, 3700, 3800, 3850, 3900, 4000, 4100, 4200, 4300, 4400, 4500, 4600, 4700, 4800, 4900, 5000, AfflictedDamageSupport, 0.872 , 0.919 , 0.949 , 0.988 , 1.030 , 1.079 , 1.132 , 1.191 , 1.254 , 1.323 , 1.396  , 1.476  , 1.559  , 1.648  , 1.741  , 1.839  , 1.906  , 1.977  , 2.051  , 2.105  , 2.162  , 2.221  , 2.283  , 2.329  , 2.376  , 2.425  , 2.477  , 2.530  , 2.619  , 2.662  , 2.706  , 2.753  , 2.800  , 2.848  , 2.881  , 2.915  , 2.950  , 2.986  , 3.078  , 3.116  , 3.154  , 3.194  , 3.291  , 3.328  , 3.366  , 3.404  , 3.443  , 3.483  , 3.524  , 3.627  , 3.665  , 3.703  , 3.738  , 3.770  , 3.807  , 3.846  , 3.886  , 3.989  , 4.031  , 4.073  , None                             , 0    , 0    , 0    , 0    , 0    , 0    , 0    , 0    , 0    , 0    , 0    , 0    , 0    , 0    , 0    , 0    , 0    , 0    , 0    , 0    , 0    , 0    , 0    , 0    , 0    , 0    , 0    , 0    , 0    , 0    , 0    , 0    , 0    , 0    , 0    , 0    , 0    , 0    , 0    , 0    , 0    , 0    , 0    , 0    , 0    , 0    , 0    , 0    , 0    , 0    , 0    , 0    , 0    , 0    , 0    , 0    , 0    , 0    , 0    , 0    , AfflictedChanceSupport         , 1.3         , None                               , 0           , None                     , 0           , None      , 0
ImpactAttack   , Inspiring Force   , TRUE    , Dmg bonus to body part types                                                                              , Support   , Basic, 1   , Body          , 1        , 99      , 0.08  , 0.08     , 0            , 0           , 60      , #ffffff, 1 , 3 , 5 , 7 , 9 , 11, 18, 22, 25, 35 , 45 , 55 , 60 , 90 , 115, 125, 133, 137, 140, 150, 155, 170, 175, 176, 178, 180, 182, 184, 220, 222, 224, 226, 228, 230, 232, 234, 236, 240, 260, 264, 266, 268, 350, 360, 365, 370, 380, 385, 390, 400, 410, 420, 430, 440, 450, 460, 470, 480, 490, 500, 0 , 45, 55, 60, 100, 120, 200, 250, 300, 400, 450, 550, 700, 1000, 1350, 1400, 1425, 1450, 1475, 1650, 1700, 1800, 1850, 1900, 1950, 2000, 2050, 2150, 2445, 2465, 2490, 2510, 2530, 2555, 2580, 2600, 2625, 2665, 2885, 2935, 2955, 2980, 3500, 3600, 3650, 3700, 3800, 3850, 3900, 4000, 4100, 4200, 4300, 4400, 4500, 4600, 4700, 4800, 4900, 5000, BodyDamageSupport     , 0.904 , 0.956 , 0.990 , 1.035 , 1.083 , 1.140 , 1.201 , 1.271 , 1.346 , 1.429 , 1.517  , 1.613  , 1.714  , 1.823  , 1.937  , 2.059  , 2.142  , 2.229  , 2.322  , 2.389  , 2.459  , 2.533  , 2.611  , 2.668  , 2.728  , 2.790  , 2.855  , 2.922  , 3.035  , 3.090  , 3.146  , 3.204  , 3.263  , 3.325  , 3.366  , 3.409  , 3.453  , 3.498  , 3.617  , 3.664  , 3.713  , 3.763  , 3.886  , 3.933  , 3.981  , 4.030  , 4.080  , 4.131  , 4.184  , 4.315  , 4.363  , 4.411  , 4.456  , 4.496  , 4.542  , 4.592  , 4.643  , 4.775  , 4.828  , 4.881  , None                             , 0    , 0    , 0    , 0    , 0    , 0    , 0    , 0    , 0    , 0    , 0    , 0    , 0    , 0    , 0    , 0    , 0    , 0    , 0    , 0    , 0    , 0    , 0    , 0    , 0    , 0    , 0    , 0    , 0    , 0    , 0    , 0    , 0    , 0    , 0    , 0    , 0    , 0    , 0    , 0    , 0    , 0    , 0    , 0    , 0    , 0    , 0    , 0    , 0    , 0    , 0    , 0    , 0    , 0    , 0    , 0    , 0    , 0    , 0    , 0    , None                           , 0           , None                               , 0           , None                     , 0           , None      , 0
InnerTruth     , Soul Fire         , TRUE    , Chest dmg bonus.                                                                                          , Support   , Basic, 1   , Head and Torso, 1        , 99      , 0.08  , 0.08     , 0            , 0           , 60      , #ffffff, 1 , 3 , 5 , 7 , 9 , 11, 18, 22, 25, 35 , 45 , 55 , 60 , 90 , 115, 125, 133, 137, 140, 150, 155, 170, 175, 176, 178, 180, 182, 184, 220, 222, 224, 226, 228, 230, 232, 234, 236, 240, 260, 264, 266, 268, 350, 360, 365, 370, 380, 385, 390, 400, 410, 420, 430, 440, 450, 460, 470, 480, 490, 500, 0 , 45, 55, 60, 100, 120, 200, 250, 300, 400, 450, 550, 700, 1000, 1350, 1400, 1425, 1450, 1475, 1650, 1700, 1800, 1850, 1900, 1950, 2000, 2050, 2150, 2445, 2465, 2490, 2510, 2530, 2555, 2580, 2600, 2625, 2665, 2885, 2935, 2955, 2980, 3500, 3600, 3650, 3700, 3800, 3850, 3900, 4000, 4100, 4200, 4300, 4400, 4500, 4600, 4700, 4800, 4900, 5000, HeadDamageSupport     , 0.859 , 0.910 , 0.943 , 0.987 , 1.034 , 1.090 , 1.149 , 1.218 , 1.291 , 1.372 , 1.457  , 1.551  , 1.650  , 1.756  , 1.868  , 1.987  , 2.067  , 2.153  , 2.243  , 2.309  , 2.378  , 2.450  , 2.525  , 2.581  , 2.640  , 2.701  , 2.764  , 2.830  , 2.940  , 2.993  , 3.048  , 3.104  , 3.162  , 3.223  , 3.263  , 3.305  , 3.348  , 3.392  , 3.508  , 3.554  , 3.602  , 3.651  , 3.771  , 3.816  , 3.863  , 3.911  , 3.960  , 4.010  , 4.061  , 4.189  , 4.236  , 4.283  , 4.327  , 4.366  , 4.411  , 4.460  , 4.510  , 4.638  , 4.690  , 4.742  , ChestDamageSupport               , 0.859, 0.910, 0.943, 0.987, 1.034, 1.090, 1.149, 1.218, 1.291, 1.372, 1.457, 1.551, 1.650, 1.756, 1.868, 1.987, 2.067, 2.153, 2.243, 2.309, 2.378, 2.450, 2.525, 2.581, 2.640, 2.701, 2.764, 2.830, 2.940, 2.993, 3.048, 3.104, 3.162, 3.223, 3.263, 3.305, 3.348, 3.392, 3.508, 3.554, 3.602, 3.651, 3.771, 3.816, 3.863, 3.911, 3.960, 4.010, 4.061, 4.189, 4.236, 4.283, 4.327, 4.366, 4.411, 4.460, 4.510, 4.638, 4.690, 4.742, AfflictedChanceSupport         , 1.1         , None                               , 0           , None                     , 0           , None      , 0
FinisherAttack , Victory March     , TRUE    , Dmg per exposed skeleton part                                                                             , Support   , Basic, 1   , -             , 1        , 99      , 0.08  , 0.08     , 0            , 0           , 60      , #ffffff, 1 , 3 , 5 , 7 , 9 , 11, 18, 22, 25, 35 , 45 , 55 , 60 , 90 , 115, 125, 133, 137, 140, 150, 155, 170, 175, 176, 178, 180, 182, 184, 220, 222, 224, 226, 228, 230, 232, 234, 236, 240, 260, 264, 266, 268, 350, 360, 365, 370, 380, 385, 390, 400, 410, 420, 430, 440, 450, 460, 470, 480, 490, 500, 0 , 45, 55, 60, 100, 120, 200, 250, 300, 400, 450, 550, 700, 1000, 1350, 1400, 1425, 1450, 1475, 1650, 1700, 1800, 1850, 1900, 1950, 2000, 2050, 2150, 2445, 2465, 2490, 2510, 2530, 2555, 2580, 2600, 2625, 2665, 2885, 2935, 2955, 2980, 3500, 3600, 3650, 3700, 3800, 3850, 3900, 4000, 4100, 4200, 4300, 4400, 4500, 4600, 4700, 4800, 4900, 5000, AllRaidDamageSupport  , 0.697 , 0.729 , 0.750 , 0.778 , 0.807 , 0.842 , 0.880 , 0.923 , 0.969 , 1.020 , 1.074  , 1.133  , 1.196  , 1.263  , 1.333  , 1.408  , 1.459  , 1.513  , 1.570  , 1.611  , 1.654  , 1.700  , 1.748  , 1.783  , 1.820  , 1.858  , 1.898  , 1.940  , 2.009  , 2.042  , 2.077  , 2.113  , 2.149  , 2.187  , 2.213  , 2.239  , 2.266  , 2.294  , 2.367  , 2.396  , 2.426  , 2.457  , 2.533  , 2.562  , 2.591  , 2.621  , 2.652  , 2.684  , 2.716  , 2.797  , 2.826  , 2.856  , 2.884  , 2.908  , 2.936  , 2.968  , 2.999  , 3.080  , 3.112  , 3.146  , ExposedSkeletonBoostSupport      , 0.110, 0.115, 0.118, 0.123, 0.127, 0.133, 0.139, 0.146, 0.153, 0.161, 0.170, 0.179, 0.189, 0.199, 0.210, 0.222, 0.230, 0.239, 0.248, 0.254, 0.261, 0.268, 0.276, 0.281, 0.287, 0.293, 0.300, 0.306, 0.317, 0.322, 0.328, 0.333, 0.339, 0.345, 0.349, 0.353, 0.358, 0.362, 0.374, 0.378, 0.383, 0.388, 0.400, 0.404, 0.409, 0.414, 0.419, 0.424, 0.429, 0.441, 0.446, 0.451, 0.455, 0.459, 0.463, 0.468, 0.473, 0.486, 0.491, 0.496, None                           , 0           , ExposedSkeletonBoostSupportMaxParts, 7           , None                     , 0           , None      , 0
SuperheatMetal , Prismatic Rift    , TRUE    , Armor dmg bonus.                                                                                          , Support   , Basic, 2   , Armor         , 1        , 99      , 0.08  , 0.08     , 0            , 0           , 60      , #ffffff, 1 , 3 , 5 , 7 , 9 , 11, 18, 22, 25, 35 , 45 , 55 , 60 , 90 , 115, 125, 133, 137, 140, 150, 155, 170, 175, 176, 178, 180, 182, 184, 220, 222, 224, 226, 228, 230, 232, 234, 236, 240, 260, 264, 266, 268, 350, 360, 365, 370, 380, 385, 390, 400, 410, 420, 430, 440, 450, 460, 470, 480, 490, 500, 0 , 45, 55, 60, 100, 120, 200, 250, 300, 400, 450, 550, 700, 1000, 1350, 1400, 1425, 1450, 1475, 1650, 1700, 1800, 1850, 1900, 1950, 2000, 2050, 2150, 2445, 2465, 2490, 2510, 2530, 2555, 2580, 2600, 2625, 2665, 2885, 2935, 2955, 2980, 3500, 3600, 3650, 3700, 3800, 3850, 3900, 4000, 4100, 4200, 4300, 4400, 4500, 4600, 4700, 4800, 4900, 5000, ArmorDamageSupport    , 0.939 , 0.992 , 1.027 , 1.073 , 1.121 , 1.180 , 1.242 , 1.313 , 1.389 , 1.474 , 1.563  , 1.661  , 1.764  , 1.875  , 1.991  , 2.115  , 2.199  , 2.288  , 2.383  , 2.451  , 2.523  , 2.598  , 2.677  , 2.736  , 2.797  , 2.860  , 2.926  , 2.994  , 3.109  , 3.165  , 3.222  , 3.281  , 3.342  , 3.404  , 3.447  , 3.490  , 3.535  , 3.581  , 3.702  , 3.750  , 3.800  , 3.851  , 3.976  , 4.024  , 4.073  , 4.122  , 4.174  , 4.226  , 4.279  , 4.412  , 4.461  , 4.511  , 4.556  , 4.597  , 4.644  , 4.695  , 4.747  , 4.881  , 4.935  , 4.990  , None                             , 0    , 0    , 0    , 0    , 0    , 0    , 0    , 0    , 0    , 0    , 0    , 0    , 0    , 0    , 0    , 0    , 0    , 0    , 0    , 0    , 0    , 0    , 0    , 0    , 0    , 0    , 0    , 0    , 0    , 0    , 0    , 0    , 0    , 0    , 0    , 0    , 0    , 0    , 0    , 0    , 0    , 0    , 0    , 0    , 0    , 0    , 0    , 0    , 0    , 0    , 0    , 0    , 0    , 0    , 0    , 0    , 0    , 0    , 0    , 0    , None                           , 0           , None                               , 0           , None                     , 0           , None      , 0
BurstBoost     , Ancestral Favor   , TRUE    , Burst dmg and chance bonus                                                                                , Support   , Basic, 2   , -             , 1        , 99      , 0.08  , 0.08     , 0            , 0           , 60      , #ffffff, 1 , 3 , 5 , 7 , 9 , 11, 18, 22, 25, 35 , 45 , 55 , 60 , 90 , 115, 125, 133, 137, 140, 150, 155, 170, 175, 176, 178, 180, 182, 184, 220, 222, 224, 226, 228, 230, 232, 234, 236, 240, 260, 264, 266, 268, 350, 360, 365, 370, 380, 385, 390, 400, 410, 420, 430, 440, 450, 460, 470, 480, 490, 500, 0 , 45, 55, 60, 100, 120, 200, 250, 300, 400, 450, 550, 700, 1000, 1350, 1400, 1425, 1450, 1475, 1650, 1700, 1800, 1850, 1900, 1950, 2000, 2050, 2150, 2445, 2465, 2490, 2510, 2530, 2555, 2580, 2600, 2625, 2665, 2885, 2935, 2955, 2980, 3500, 3600, 3650, 3700, 3800, 3850, 3900, 4000, 4100, 4200, 4300, 4400, 4500, 4600, 4700, 4800, 4900, 5000, BurstDamageSupport    , 0.872 , 0.919 , 0.949 , 0.988 , 1.030 , 1.079 , 1.132 , 1.191 , 1.254 , 1.323 , 1.396  , 1.476  , 1.559  , 1.648  , 1.741  , 1.839  , 1.906  , 1.977  , 2.051  , 2.105  , 2.162  , 2.221  , 2.283  , 2.329  , 2.376  , 2.425  , 2.477  , 2.530  , 2.619  , 2.662  , 2.706  , 2.753  , 2.800  , 2.848  , 2.881  , 2.915  , 2.950  , 2.986  , 3.078  , 3.116  , 3.154  , 3.194  , 3.291  , 3.328  , 3.366  , 3.404  , 3.443  , 3.483  , 3.524  , 3.627  , 3.665  , 3.703  , 3.738  , 3.770  , 3.807  , 3.846  , 3.886  , 3.989  , 4.031  , 4.073  , None                             , 0    , 0    , 0    , 0    , 0    , 0    , 0    , 0    , 0    , 0    , 0    , 0    , 0    , 0    , 0    , 0    , 0    , 0    , 0    , 0    , 0    , 0    , 0    , 0    , 0    , 0    , 0    , 0    , 0    , 0    , 0    , 0    , 0    , 0    , 0    , 0    , 0    , 0    , 0    , 0    , 0    , 0    , 0    , 0    , 0    , 0    , 0    , 0    , 0    , 0    , 0    , 0    , 0    , 0    , 0    , 0    , 0    , 0    , 0    , 0    , BurstChanceSupport             , 1.3         , None                               , 0           , None                     , 0           , None      , 0
LimbSupport    , Grasping Vines    , TRUE    , Dmg bonus to limbs                                                                                        , Support   , Basic, 1   , Limbs         , 1        , 99      , 0.08  , 0.08     , 0            , 0           , 60      , #ffffff, 1 , 3 , 5 , 7 , 9 , 11, 18, 22, 25, 35 , 45 , 55 , 60 , 90 , 115, 125, 133, 137, 140, 150, 155, 170, 175, 176, 178, 180, 182, 184, 220, 222, 224, 226, 228, 230, 232, 234, 236, 240, 260, 264, 266, 268, 350, 360, 365, 370, 380, 385, 390, 400, 410, 420, 430, 440, 450, 460, 470, 480, 490, 500, 0 , 45, 55, 60, 100, 120, 200, 250, 300, 400, 450, 550, 700, 1000, 1350, 1400, 1425, 1450, 1475, 1650, 1700, 1800, 1850, 1900, 1950, 2000, 2050, 2150, 2445, 2465, 2490, 2510, 2530, 2555, 2580, 2600, 2625, 2665, 2885, 2935, 2955, 2980, 3500, 3600, 3650, 3700, 3800, 3850, 3900, 4000, 4100, 4200, 4300, 4400, 4500, 4600, 4700, 4800, 4900, 5000, LimbDamageSupport     , 0.851 , 0.902 , 0.935 , 0.979 , 1.025 , 1.081 , 1.140 , 1.208 , 1.281 , 1.361 , 1.447  , 1.540  , 1.638  , 1.744  , 1.855  , 1.974  , 2.054  , 2.139  , 2.229  , 2.294  , 2.363  , 2.435  , 2.510  , 2.566  , 2.624  , 2.685  , 2.748  , 2.813  , 2.923  , 2.976  , 3.030  , 3.087  , 3.145  , 3.204  , 3.245  , 3.286  , 3.329  , 3.373  , 3.488  , 3.534  , 3.582  , 3.631  , 3.750  , 3.796  , 3.842  , 3.890  , 3.939  , 3.988  , 4.039  , 4.167  , 4.213  , 4.261  , 4.304  , 4.343  , 4.388  , 4.437  , 4.486  , 4.614  , 4.666  , 4.718  , None                             , 0    , 0    , 0    , 0    , 0    , 0    , 0    , 0    , 0    , 0    , 0    , 0    , 0    , 0    , 0    , 0    , 0    , 0    , 0    , 0    , 0    , 0    , 0    , 0    , 0    , 0    , 0    , 0    , 0    , 0    , 0    , 0    , 0    , 0    , 0    , 0    , 0    , 0    , 0    , 0    , 0    , 0    , 0    , 0    , 0    , 0    , 0    , 0    , 0    , 0    , 0    , 0    , 0    , 0    , 0    , 0    , 0    , 0    , 0    , 0    , None                           , 0           , None                               , 0           , None                     , 0           , None      , 0
TotemFairySkill, Totem of Power    , TRUE    , All Damage QTE Fairies                                                                                    , Support   , Basic, 2   , -             , 7        , 0       , 0     , 0        , 0            , 0           , 60      , #ffffff, 1 , 3 , 5 , 7 , 9 , 11, 18, 22, 25, 35 , 45 , 55 , 60 , 90 , 115, 125, 133, 137, 140, 150, 155, 170, 175, 176, 178, 180, 182, 184, 220, 222, 224, 226, 228, 230, 232, 234, 236, 240, 260, 264, 266, 268, 350, 360, 365, 370, 380, 385, 390, 400, 410, 420, 430, 440, 450, 460, 470, 480, 490, 500, 0 , 45, 55, 60, 100, 120, 200, 250, 300, 400, 450, 550, 700, 1000, 1350, 1400, 1425, 1450, 1475, 1650, 1700, 1800, 1850, 1900, 1950, 2000, 2050, 2150, 2445, 2465, 2490, 2510, 2530, 2555, 2580, 2600, 2625, 2665, 2885, 2935, 2955, 2980, 3500, 3600, 3650, 3700, 3800, 3850, 3900, 4000, 4100, 4200, 4300, 4400, 4500, 4600, 4700, 4800, 4900, 5000, FairyTotemDamage      , 0.386 , 0.408 , 0.422 , 0.441 , 0.461 , 0.486 , 0.511 , 0.541 , 0.572 , 0.607 , 0.644  , 0.685  , 0.727  , 0.773  , 0.821  , 0.873  , 0.908  , 0.945  , 0.984  , 1.012  , 1.042  , 1.073  , 1.105  , 1.130  , 1.155  , 1.181  , 1.209  , 1.237  , 1.284  , 1.307  , 1.331  , 1.355  , 1.381  , 1.406  , 1.424  , 1.442  , 1.461  , 1.480  , 1.530  , 1.550  , 1.570  , 1.591  , 1.643  , 1.663  , 1.683  , 1.704  , 1.725  , 1.747  , 1.769  , 1.824  , 1.844  , 1.865  , 1.883  , 1.900  , 1.920  , 1.941  , 1.962  , 2.018  , 2.040  , 2.063  , None                             , 0    , 0    , 0    , 0    , 0    , 0    , 0    , 0    , 0    , 0    , 0    , 0    , 0    , 0    , 0    , 0    , 0    , 0    , 0    , 0    , 0    , 0    , 0    , 0    , 0    , 0    , 0    , 0    , 0    , 0    , 0    , 0    , 0    , 0    , 0    , 0    , 0    , 0    , 0    , 0    , 0    , 0    , 0    , 0    , 0    , 0    , 0    , 0    , 0    , 0    , 0    , 0    , 0    , 0    , 0    , 0    , 0    , 0    , 0    , 0    , FairyTotemDuration             , 2           , FairyTotemRate                     , 0.66        , FairyTotemRandomChance   , 1           , None      , 0
TeamTactics    , Team Tactics      , TRUE    , Adds Damage Bonus to the clan for the next cycle                                                          , Support   , Basic, 1   , -             , 1        , 99      , 0.08  , 0.08     , 0            , 0           , 60      , #ffffff, 1 , 3 , 5 , 7 , 9 , 11, 18, 22, 25, 35 , 45 , 55 , 60 , 90 , 115, 125, 133, 137, 140, 150, 155, 170, 175, 176, 178, 180, 182, 184, 220, 222, 224, 226, 228, 230, 232, 234, 236, 240, 260, 264, 266, 268, 350, 360, 365, 370, 380, 385, 390, 400, 410, 420, 430, 440, 450, 460, 470, 480, 490, 500, 0 , 45, 55, 60, 100, 120, 200, 250, 300, 400, 450, 550, 700, 1000, 1350, 1400, 1425, 1450, 1475, 1650, 1700, 1800, 1850, 1900, 1950, 2000, 2050, 2150, 2445, 2465, 2490, 2510, 2530, 2555, 2580, 2600, 2625, 2665, 2885, 2935, 2955, 2980, 3500, 3600, 3650, 3700, 3800, 3850, 3900, 4000, 4100, 4200, 4300, 4400, 4500, 4600, 4700, 4800, 4900, 5000, AllRaidDamageSupport  , 0.410 , 0.449 , 0.474 , 0.507 , 0.543 , 0.585 , 0.630 , 0.682 , 0.737 , 0.799 , 0.864  , 0.935  , 1.010  , 1.090  , 1.175  , 1.265  , 1.326  , 1.391  , 1.460  , 1.510  , 1.562  , 1.617  , 1.674  , 1.716  , 1.761  , 1.807  , 1.855  , 1.905  , 1.988  , 2.029  , 2.070  , 2.113  , 2.157  , 2.203  , 2.233  , 2.265  , 2.298  , 2.331  , 2.419  , 2.454  , 2.490  , 2.527  , 2.618  , 2.653  , 2.689  , 2.725  , 2.762  , 2.800  , 2.839  , 2.936  , 2.971  , 3.007  , 3.040  , 3.070  , 3.104  , 3.141  , 3.179  , 3.276  , 3.316  , 3.355  , None                             , 0    , 0    , 0    , 0    , 0    , 0    , 0    , 0    , 0    , 0    , 0    , 0    , 0    , 0    , 0    , 0    , 0    , 0    , 0    , 0    , 0    , 0    , 0    , 0    , 0    , 0    , 0    , 0    , 0    , 0    , 0    , 0    , 0    , 0    , 0    , 0    , 0    , 0    , 0    , 0    , 0    , 0    , 0    , 0    , 0    , 0    , 0    , 0    , 0    , 0    , 0    , 0    , 0    , 0    , 0    , 0    , 0    , 0    , 0    , 0    , TeamTacticsClanMoraleBoost     , 0.0007      , None                               , 0           , None                     , 0           , None      , 0
SpinalTap      , Skeletal Smash    , TRUE    , Increased Armor dmg if Skeleton is revealed                                                               , Support   , Basic, 2   , Armor         , 1        , 99      , 0.08  , 0.08     , 0            , 0           , 60      , #ffffff, 1 , 3 , 5 , 7 , 9 , 11, 18, 22, 25, 35 , 45 , 55 , 60 , 90 , 115, 125, 133, 137, 140, 150, 155, 170, 175, 176, 178, 180, 182, 184, 220, 222, 224, 226, 228, 230, 232, 234, 236, 240, 260, 264, 266, 268, 350, 360, 365, 370, 380, 385, 390, 400, 410, 420, 430, 440, 450, 460, 470, 480, 490, 500, 0 , 45, 55, 60, 100, 120, 200, 250, 300, 400, 450, 550, 700, 1000, 1350, 1400, 1425, 1450, 1475, 1650, 1700, 1800, 1850, 1900, 1950, 2000, 2050, 2150, 2445, 2465, 2490, 2510, 2530, 2555, 2580, 2600, 2625, 2665, 2885, 2935, 2955, 2980, 3500, 3600, 3650, 3700, 3800, 3850, 3900, 4000, 4100, 4200, 4300, 4400, 4500, 4600, 4700, 4800, 4900, 5000, ArmorDamageSupport    , 1.043 , 1.093 , 1.124 , 1.167 , 1.212 , 1.266 , 1.324 , 1.390 , 1.461 , 1.539 , 1.622  , 1.713  , 1.808  , 1.911  , 2.019  , 2.134  , 2.212  , 2.295  , 2.383  , 2.446  , 2.513  , 2.583  , 2.656  , 2.710  , 2.767  , 2.826  , 2.887  , 2.950  , 3.057  , 3.108  , 3.161  , 3.216  , 3.273  , 3.331  , 3.370  , 3.411  , 3.452  , 3.495  , 3.607  , 3.652  , 3.698  , 3.745  , 3.861  , 3.906  , 3.951  , 3.997  , 4.045  , 4.093  , 4.142  , 4.266  , 4.312  , 4.357  , 4.400  , 4.438  , 4.481  , 4.529  , 4.577  , 4.701  , 4.751  , 4.802  , SkeletonExposedArmorDamageSupport, 0.336, 0.352, 0.362, 0.376, 0.390, 0.408, 0.427, 0.448, 0.471, 0.496, 0.523, 0.552, 0.583, 0.616, 0.650, 0.688, 0.713, 0.739, 0.768, 0.788, 0.809, 0.832, 0.856, 0.873, 0.891, 0.910, 0.930, 0.950, 0.985, 1.001, 1.018, 1.036, 1.054, 1.073, 1.086, 1.099, 1.112, 1.126, 1.162, 1.176, 1.191, 1.206, 1.244, 1.258, 1.273, 1.288, 1.303, 1.319, 1.334, 1.374, 1.389, 1.404, 1.417, 1.430, 1.443, 1.459, 1.474, 1.514, 1.531, 1.547, None                           , 0           , None                               , 0           , None                     , 0           , None      , 0